
> start:dev
> nest start --watch

[2J[3J[H[[90m3:49:59 PM[0m] Starting compilation in watch mode...

[[90m3:50:06 PM[0m] Found 0 errors. Watching for file changes.

[32m[Nest] 34644  - [39m03/21/2026, 3:50:09 PM [32m    LOG[39m [38;5;3m[NestFactory] [39m[32mStarting Nest application...[39m
[32m[Nest] 34644  - [39m03/21/2026, 3:50:09 PM [32m    LOG[39m [38;5;3m[InstanceLoader] [39m[32mPrismaModule dependencies initialized[39m[38;5;3m +36ms[39m
[32m[Nest] 34644  - [39m03/21/2026, 3:50:09 PM [32m    LOG[39m [38;5;3m[InstanceLoader] [39m[32mPassportModule dependencies initialized[39m[38;5;3m +1ms[39m
[32m[Nest] 34644  - [39m03/21/2026, 3:50:09 PM [32m    LOG[39m [38;5;3m[InstanceLoader] [39m[32mConfigHostModule dependencies initialized[39m[38;5;3m +5ms[39m
[32m[Nest] 34644  - [39m03/21/2026, 3:50:09 PM [32m    LOG[39m [38;5;3m[InstanceLoader] [39m[32mJwtModule dependencies initialized[39m[38;5;3m +1ms[39m
[32m[Nest] 34644  - [39m03/21/2026, 3:50:09 PM [32m    LOG[39m [38;5;3m[InstanceLoader] [39m[32mUsersModule dependencies initialized[39m[38;5;3m +1ms[39m
[32m[Nest] 34644  - [39m03/21/2026, 3:50:09 PM [32m    LOG[39m [38;5;3m[InstanceLoader] [39m[32mConfigModule dependencies initialized[39m[38;5;3m +0ms[39m
[32m[Nest] 34644  - [39m03/21/2026, 3:50:09 PM [32m    LOG[39m [38;5;3m[InstanceLoader] [39m[32mProductsModule dependencies initialized[39m[38;5;3m +1ms[39m
[32m[Nest] 34644  - [39m03/21/2026, 3:50:09 PM [32m    LOG[39m [38;5;3m[InstanceLoader] [39m[32mCartModule dependencies initialized[39m[38;5;3m +1ms[39m
[32m[Nest] 34644  - [39m03/21/2026, 3:50:09 PM [32m    LOG[39m [38;5;3m[InstanceLoader] [39m[32mCheckoutModule dependencies initialized[39m[38;5;3m +1ms[39m
[32m[Nest] 34644  - [39m03/21/2026, 3:50:09 PM [32m    LOG[39m [38;5;3m[InstanceLoader] [39m[32mAppModule dependencies initialized[39m[38;5;3m +0ms[39m
[32m[Nest] 34644  - [39m03/21/2026, 3:50:09 PM [32m    LOG[39m [38;5;3m[InstanceLoader] [39m[32mAuthModule dependencies initialized[39m[38;5;3m +1ms[39m
[32m[Nest] 34644  - [39m03/21/2026, 3:50:09 PM [32m    LOG[39m [38;5;3m[InstanceLoader] [39m[32mAdminModule dependencies initialized[39m[38;5;3m +0ms[39m
[32m[Nest] 34644  - [39m03/21/2026, 3:50:09 PM [32m    LOG[39m [38;5;3m[RoutesResolver] [39m[32mAppController {/api}:[39m[38;5;3m +8ms[39m
[32m[Nest] 34644  - [39m03/21/2026, 3:50:09 PM [32m    LOG[39m [38;5;3m[RouterExplorer] [39m[32mMapped {/api, GET} route[39m[38;5;3m +4ms[39m
[32m[Nest] 34644  - [39m03/21/2026, 3:50:09 PM [32m    LOG[39m [38;5;3m[RouterExplorer] [39m[32mMapped {/api/health, GET} route[39m[38;5;3m +2ms[39m
[32m[Nest] 34644  - [39m03/21/2026, 3:50:09 PM [32m    LOG[39m [38;5;3m[RoutesResolver] [39m[32mAuthController {/api/auth}:[39m[38;5;3m +0ms[39m
[32m[Nest] 34644  - [39m03/21/2026, 3:50:09 PM [32m    LOG[39m [38;5;3m[RouterExplorer] [39m[32mMapped {/api/auth/register, POST} route[39m[38;5;3m +2ms[39m
[32m[Nest] 34644  - [39m03/21/2026, 3:50:09 PM [32m    LOG[39m [38;5;3m[RouterExplorer] [39m[32mMapped {/api/auth/login, POST} route[39m[38;5;3m +1ms[39m
[32m[Nest] 34644  - [39m03/21/2026, 3:50:09 PM [32m    LOG[39m [38;5;3m[RouterExplorer] [39m[32mMapped {/api/auth/session/exchange, POST} route[39m[38;5;3m +1ms[39m
[32m[Nest] 34644  - [39m03/21/2026, 3:50:09 PM [32m    LOG[39m [38;5;3m[RouterExplorer] [39m[32mMapped {/api/auth/me, GET} route[39m[38;5;3m +0ms[39m
[32m[Nest] 34644  - [39m03/21/2026, 3:50:09 PM [32m    LOG[39m [38;5;3m[RoutesResolver] [39m[32mProductsController {/api/products}:[39m[38;5;3m +1ms[39m
[32m[Nest] 34644  - [39m03/21/2026, 3:50:09 PM [32m    LOG[39m [38;5;3m[RouterExplorer] [39m[32mMapped {/api/products, GET} route[39m[38;5;3m +0ms[39m
[32m[Nest] 34644  - [39m03/21/2026, 3:50:09 PM [32m    LOG[39m [38;5;3m[RouterExplorer] [39m[32mMapped {/api/products/featured, GET} route[39m[38;5;3m +1ms[39m
[32m[Nest] 34644  - [39m03/21/2026, 3:50:09 PM [32m    LOG[39m [38;5;3m[RouterExplorer] [39m[32mMapped {/api/products/:slug, GET} route[39m[38;5;3m +1ms[39m
[32m[Nest] 34644  - [39m03/21/2026, 3:50:09 PM [32m    LOG[39m [38;5;3m[RoutesResolver] [39m[32mCartController {/api/cart}:[39m[38;5;3m +1ms[39m
[32m[Nest] 34644  - [39m03/21/2026, 3:50:09 PM [32m    LOG[39m [38;5;3m[RouterExplorer] [39m[32mMapped {/api/cart, GET} route[39m[38;5;3m +1ms[39m
[32m[Nest] 34644  - [39m03/21/2026, 3:50:09 PM [32m    LOG[39m [38;5;3m[RouterExplorer] [39m[32mMapped {/api/cart/items, POST} route[39m[38;5;3m +1ms[39m
[32m[Nest] 34644  - [39m03/21/2026, 3:50:09 PM [32m    LOG[39m [38;5;3m[RouterExplorer] [39m[32mMapped {/api/cart/items/:itemId, PATCH} route[39m[38;5;3m +0ms[39m
[32m[Nest] 34644  - [39m03/21/2026, 3:50:09 PM [32m    LOG[39m [38;5;3m[RouterExplorer] [39m[32mMapped {/api/cart/items/:itemId, DELETE} route[39m[38;5;3m +1ms[39m
[32m[Nest] 34644  - [39m03/21/2026, 3:50:09 PM [32m    LOG[39m [38;5;3m[RouterExplorer] [39m[32mMapped {/api/cart, DELETE} route[39m[38;5;3m +1ms[39m
[32m[Nest] 34644  - [39m03/21/2026, 3:50:09 PM [32m    LOG[39m [38;5;3m[RoutesResolver] [39m[32mCheckoutController {/api/checkout}:[39m[38;5;3m +0ms[39m
[32m[Nest] 34644  - [39m03/21/2026, 3:50:09 PM [32m    LOG[39m [38;5;3m[RouterExplorer] [39m[32mMapped {/api/checkout/session, POST} route[39m[38;5;3m +1ms[39m
[32m[Nest] 34644  - [39m03/21/2026, 3:50:09 PM [32m    LOG[39m [38;5;3m[RouterExplorer] [39m[32mMapped {/api/checkout/stripe/payment-intent, POST} route[39m[38;5;3m +0ms[39m
[32m[Nest] 34644  - [39m03/21/2026, 3:50:09 PM [32m    LOG[39m [38;5;3m[RouterExplorer] [39m[32mMapped {/api/checkout/stripe/confirm, POST} route[39m[38;5;3m +4ms[39m
[32m[Nest] 34644  - [39m03/21/2026, 3:50:09 PM [32m    LOG[39m [38;5;3m[RouterExplorer] [39m[32mMapped {/api/checkout/paypal/order, POST} route[39m[38;5;3m +1ms[39m
[32m[Nest] 34644  - [39m03/21/2026, 3:50:09 PM [32m    LOG[39m [38;5;3m[RouterExplorer] [39m[32mMapped {/api/checkout/paypal/capture, POST} route[39m[38;5;3m +1ms[39m
[32m[Nest] 34644  - [39m03/21/2026, 3:50:09 PM [32m    LOG[39m [38;5;3m[RoutesResolver] [39m[32mAdminController {/api/admin/products}:[39m[38;5;3m +0ms[39m
[32m[Nest] 34644  - [39m03/21/2026, 3:50:09 PM [32m    LOG[39m [38;5;3m[RouterExplorer] [39m[32mMapped {/api/admin/products, POST} route[39m[38;5;3m +1ms[39m
[32m[Nest] 34644  - [39m03/21/2026, 3:50:09 PM [32m    LOG[39m [38;5;3m[RouterExplorer] [39m[32mMapped {/api/admin/products/:id, PATCH} route[39m[38;5;3m +1ms[39m
[32m[Nest] 34644  - [39m03/21/2026, 3:50:09 PM [32m    LOG[39m [38;5;3m[RouterExplorer] [39m[32mMapped {/api/admin/products/:id, DELETE} route[39m[38;5;3m +0ms[39m
[32m[Nest] 34644  - [39m03/21/2026, 3:50:09 PM [32m    LOG[39m [38;5;3m[RouterExplorer] [39m[32mMapped {/api/admin/products/upload, POST} route[39m[38;5;3m +1ms[39m
[32m[Nest] 34644  - [39m03/21/2026, 3:50:09 PM [32m    LOG[39m [38;5;3m[NestApplication] [39m[32mNest application successfully started[39m[38;5;3m +39ms[39m
[2J[3J[H[[90m4:07:26 PM[0m] File change detected. Starting incremental compilation...

[[90m4:07:29 PM[0m] Found 0 errors. Watching for file changes.

[32m[Nest] 40400  - [39m03/21/2026, 4:07:32 PM [32m    LOG[39m [38;5;3m[NestFactory] [39m[32mStarting Nest application...[39m
[32m[Nest] 40400  - [39m03/21/2026, 4:07:32 PM [32m    LOG[39m [38;5;3m[InstanceLoader] [39m[32mPrismaModule dependencies initialized[39m[38;5;3m +51ms[39m
[32m[Nest] 40400  - [39m03/21/2026, 4:07:33 PM [32m    LOG[39m [38;5;3m[InstanceLoader] [39m[32mPassportModule dependencies initialized[39m[38;5;3m +1ms[39m
[32m[Nest] 40400  - [39m03/21/2026, 4:07:33 PM [32m    LOG[39m [38;5;3m[InstanceLoader] [39m[32mConfigHostModule dependencies initialized[39m[38;5;3m +8ms[39m
[32m[Nest] 40400  - [39m03/21/2026, 4:07:33 PM [32m    LOG[39m [38;5;3m[InstanceLoader] [39m[32mJwtModule dependencies initialized[39m[38;5;3m +1ms[39m
[32m[Nest] 40400  - [39m03/21/2026, 4:07:33 PM [32m    LOG[39m [38;5;3m[InstanceLoader] [39m[32mUsersModule dependencies initialized[39m[38;5;3m +1ms[39m
[32m[Nest] 40400  - [39m03/21/2026, 4:07:33 PM [32m    LOG[39m [38;5;3m[InstanceLoader] [39m[32mConfigModule dependencies initialized[39m[38;5;3m +1ms[39m
[32m[Nest] 40400  - [39m03/21/2026, 4:07:33 PM [32m    LOG[39m [38;5;3m[InstanceLoader] [39m[32mProductsModule dependencies initialized[39m[38;5;3m +2ms[39m
[32m[Nest] 40400  - [39m03/21/2026, 4:07:33 PM [32m    LOG[39m [38;5;3m[InstanceLoader] [39m[32mCartModule dependencies initialized[39m[38;5;3m +0ms[39m
[32m[Nest] 40400  - [39m03/21/2026, 4:07:33 PM [32m    LOG[39m [38;5;3m[InstanceLoader] [39m[32mCheckoutModule dependencies initialized[39m[38;5;3m +1ms[39m
[32m[Nest] 40400  - [39m03/21/2026, 4:07:33 PM [32m    LOG[39m [38;5;3m[InstanceLoader] [39m[32mAppModule dependencies initialized[39m[38;5;3m +2ms[39m
[32m[Nest] 40400  - [39m03/21/2026, 4:07:33 PM [32m    LOG[39m [38;5;3m[InstanceLoader] [39m[32mAuthModule dependencies initialized[39m[38;5;3m +0ms[39m
[32m[Nest] 40400  - [39m03/21/2026, 4:07:33 PM [32m    LOG[39m [38;5;3m[InstanceLoader] [39m[32mAdminModule dependencies initialized[39m[38;5;3m +1ms[39m
[32m[Nest] 40400  - [39m03/21/2026, 4:07:33 PM [32m    LOG[39m [38;5;3m[RoutesResolver] [39m[32mAppController {/api}:[39m[38;5;3m +10ms[39m
[32m[Nest] 40400  - [39m03/21/2026, 4:07:33 PM [32m    LOG[39m [38;5;3m[RouterExplorer] [39m[32mMapped {/api, GET} route[39m[38;5;3m +5ms[39m
[32m[Nest] 40400  - [39m03/21/2026, 4:07:33 PM [32m    LOG[39m [38;5;3m[RouterExplorer] [39m[32mMapped {/api/health, GET} route[39m[38;5;3m +1ms[39m
[32m[Nest] 40400  - [39m03/21/2026, 4:07:33 PM [32m    LOG[39m [38;5;3m[RoutesResolver] [39m[32mAuthController {/api/auth}:[39m[38;5;3m +0ms[39m
[32m[Nest] 40400  - [39m03/21/2026, 4:07:33 PM [32m    LOG[39m [38;5;3m[RouterExplorer] [39m[32mMapped {/api/auth/register, POST} route[39m[38;5;3m +2ms[39m
[32m[Nest] 40400  - [39m03/21/2026, 4:07:33 PM [32m    LOG[39m [38;5;3m[RouterExplorer] [39m[32mMapped {/api/auth/login, POST} route[39m[38;5;3m +1ms[39m
[32m[Nest] 40400  - [39m03/21/2026, 4:07:33 PM [32m    LOG[39m [38;5;3m[RouterExplorer] [39m[32mMapped {/api/auth/session/exchange, POST} route[39m[38;5;3m +1ms[39m
[32m[Nest] 40400  - [39m03/21/2026, 4:07:33 PM [32m    LOG[39m [38;5;3m[RouterExplorer] [39m[32mMapped {/api/auth/me, GET} route[39m[38;5;3m +1ms[39m
[32m[Nest] 40400  - [39m03/21/2026, 4:07:33 PM [32m    LOG[39m [38;5;3m[RoutesResolver] [39m[32mProductsController {/api/products}:[39m[38;5;3m +0ms[39m
[32m[Nest] 40400  - [39m03/21/2026, 4:07:33 PM [32m    LOG[39m [38;5;3m[RouterExplorer] [39m[32mMapped {/api/products, GET} route[39m[38;5;3m +2ms[39m
[32m[Nest] 40400  - [39m03/21/2026, 4:07:33 PM [32m    LOG[39m [38;5;3m[RouterExplorer] [39m[32mMapped {/api/products/featured, GET} route[39m[38;5;3m +1ms[39m
[32m[Nest] 40400  - [39m03/21/2026, 4:07:33 PM [32m    LOG[39m [38;5;3m[RouterExplorer] [39m[32mMapped {/api/products/:slug, GET} route[39m[38;5;3m +2ms[39m
[32m[Nest] 40400  - [39m03/21/2026, 4:07:33 PM [32m    LOG[39m [38;5;3m[RoutesResolver] [39m[32mCartController {/api/cart}:[39m[38;5;3m +1ms[39m
[32m[Nest] 40400  - [39m03/21/2026, 4:07:33 PM [32m    LOG[39m [38;5;3m[RouterExplorer] [39m[32mMapped {/api/cart, GET} route[39m[38;5;3m +1ms[39m
[32m[Nest] 40400  - [39m03/21/2026, 4:07:33 PM [32m    LOG[39m [38;5;3m[RouterExplorer] [39m[32mMapped {/api/cart/items, POST} route[39m[38;5;3m +1ms[39m
[32m[Nest] 40400  - [39m03/21/2026, 4:07:33 PM [32m    LOG[39m [38;5;3m[RouterExplorer] [39m[32mMapped {/api/cart/items/:itemId, PATCH} route[39m[38;5;3m +1ms[39m
[32m[Nest] 40400  - [39m03/21/2026, 4:07:33 PM [32m    LOG[39m [38;5;3m[RouterExplorer] [39m[32mMapped {/api/cart/items/:itemId, DELETE} route[39m[38;5;3m +1ms[39m
[32m[Nest] 40400  - [39m03/21/2026, 4:07:33 PM [32m    LOG[39m [38;5;3m[RouterExplorer] [39m[32mMapped {/api/cart, DELETE} route[39m[38;5;3m +0ms[39m
[32m[Nest] 40400  - [39m03/21/2026, 4:07:33 PM [32m    LOG[39m [38;5;3m[RoutesResolver] [39m[32mCheckoutController {/api/checkout}:[39m[38;5;3m +1ms[39m
[32m[Nest] 40400  - [39m03/21/2026, 4:07:33 PM [32m    LOG[39m [38;5;3m[RouterExplorer] [39m[32mMapped {/api/checkout/session, POST} route[39m[38;5;3m +0ms[39m
[32m[Nest] 40400  - [39m03/21/2026, 4:07:33 PM [32m    LOG[39m [38;5;3m[RouterExplorer] [39m[32mMapped {/api/checkout/stripe/payment-intent, POST} route[39m[38;5;3m +1ms[39m
[32m[Nest] 40400  - [39m03/21/2026, 4:07:33 PM [32m    LOG[39m [38;5;3m[RouterExplorer] [39m[32mMapped {/api/checkout/stripe/confirm, POST} route[39m[38;5;3m +1ms[39m
[32m[Nest] 40400  - [39m03/21/2026, 4:07:33 PM [32m    LOG[39m [38;5;3m[RouterExplorer] [39m[32mMapped {/api/checkout/paypal/order, POST} route[39m[38;5;3m +1ms[39m
[32m[Nest] 40400  - [39m03/21/2026, 4:07:33 PM [32m    LOG[39m [38;5;3m[RouterExplorer] [39m[32mMapped {/api/checkout/paypal/capture, POST} route[39m[38;5;3m +1ms[39m
[32m[Nest] 40400  - [39m03/21/2026, 4:07:33 PM [32m    LOG[39m [38;5;3m[RoutesResolver] [39m[32mAdminController {/api/admin/products}:[39m[38;5;3m +0ms[39m
[32m[Nest] 40400  - [39m03/21/2026, 4:07:33 PM [32m    LOG[39m [38;5;3m[RouterExplorer] [39m[32mMapped {/api/admin/products, POST} route[39m[38;5;3m +1ms[39m
[32m[Nest] 40400  - [39m03/21/2026, 4:07:33 PM [32m    LOG[39m [38;5;3m[RouterExplorer] [39m[32mMapped {/api/admin/products/:id, PATCH} route[39m[38;5;3m +1ms[39m
[32m[Nest] 40400  - [39m03/21/2026, 4:07:33 PM [32m    LOG[39m [38;5;3m[RouterExplorer] [39m[32mMapped {/api/admin/products/:id, DELETE} route[39m[38;5;3m +0ms[39m
[32m[Nest] 40400  - [39m03/21/2026, 4:07:33 PM [32m    LOG[39m [38;5;3m[RouterExplorer] [39m[32mMapped {/api/admin/products/upload, POST} route[39m[38;5;3m +1ms[39m
[32m[Nest] 40400  - [39m03/21/2026, 4:07:33 PM [32m    LOG[39m [38;5;3m[NestApplication] [39m[32mNest application successfully started[39m[38;5;3m +73ms[39m
[2J[3J[H[[90m4:32:46 PM[0m] File change detected. Starting incremental compilation...

[[90m4:32:49 PM[0m] Found 0 errors. Watching for file changes.

[32m[Nest] 33300  - [39m03/21/2026, 4:32:52 PM [32m    LOG[39m [38;5;3m[NestFactory] [39m[32mStarting Nest application...[39m
[32m[Nest] 33300  - [39m03/21/2026, 4:32:52 PM [32m    LOG[39m [38;5;3m[InstanceLoader] [39m[32mPrismaModule dependencies initialized[39m[38;5;3m +54ms[39m
[32m[Nest] 33300  - [39m03/21/2026, 4:32:52 PM [32m    LOG[39m [38;5;3m[InstanceLoader] [39m[32mPassportModule dependencies initialized[39m[38;5;3m +1ms[39m
[32m[Nest] 33300  - [39m03/21/2026, 4:32:52 PM [32m    LOG[39m [38;5;3m[InstanceLoader] [39m[32mConfigHostModule dependencies initialized[39m[38;5;3m +16ms[39m
[32m[Nest] 33300  - [39m03/21/2026, 4:32:52 PM [32m    LOG[39m [38;5;3m[InstanceLoader] [39m[32mJwtModule dependencies initialized[39m[38;5;3m +1ms[39m
[32m[Nest] 33300  - [39m03/21/2026, 4:32:52 PM [32m    LOG[39m [38;5;3m[InstanceLoader] [39m[32mUsersModule dependencies initialized[39m[38;5;3m +1ms[39m
[32m[Nest] 33300  - [39m03/21/2026, 4:32:52 PM [32m    LOG[39m [38;5;3m[InstanceLoader] [39m[32mConfigModule dependencies initialized[39m[38;5;3m +1ms[39m
[32m[Nest] 33300  - [39m03/21/2026, 4:32:52 PM [32m    LOG[39m [38;5;3m[InstanceLoader] [39m[32mProductsModule dependencies initialized[39m[38;5;3m +1ms[39m
[32m[Nest] 33300  - [39m03/21/2026, 4:32:52 PM [32m    LOG[39m [38;5;3m[InstanceLoader] [39m[32mCartModule dependencies initialized[39m[38;5;3m +0ms[39m
[32m[Nest] 33300  - [39m03/21/2026, 4:32:52 PM [32m    LOG[39m [38;5;3m[InstanceLoader] [39m[32mCheckoutModule dependencies initialized[39m[38;5;3m +1ms[39m
[32m[Nest] 33300  - [39m03/21/2026, 4:32:52 PM [32m    LOG[39m [38;5;3m[InstanceLoader] [39m[32mAppModule dependencies initialized[39m[38;5;3m +1ms[39m
[32m[Nest] 33300  - [39m03/21/2026, 4:32:52 PM [32m    LOG[39m [38;5;3m[InstanceLoader] [39m[32mAuthModule dependencies initialized[39m[38;5;3m +0ms[39m
[32m[Nest] 33300  - [39m03/21/2026, 4:32:52 PM [32m    LOG[39m [38;5;3m[InstanceLoader] [39m[32mAdminModule dependencies initialized[39m[38;5;3m +1ms[39m
[32m[Nest] 33300  - [39m03/21/2026, 4:32:52 PM [32m    LOG[39m [38;5;3m[RoutesResolver] [39m[32mAppController {/api}:[39m[38;5;3m +12ms[39m
[32m[Nest] 33300  - [39m03/21/2026, 4:32:52 PM [32m    LOG[39m [38;5;3m[RouterExplorer] [39m[32mMapped {/api, GET} route[39m[38;5;3m +5ms[39m
[32m[Nest] 33300  - [39m03/21/2026, 4:32:52 PM [32m    LOG[39m [38;5;3m[RouterExplorer] [39m[32mMapped {/api/health, GET} route[39m[38;5;3m +1ms[39m
[32m[Nest] 33300  - [39m03/21/2026, 4:32:52 PM [32m    LOG[39m [38;5;3m[RoutesResolver] [39m[32mAuthController {/api/auth}:[39m[38;5;3m +1ms[39m
[32m[Nest] 33300  - [39m03/21/2026, 4:32:52 PM [32m    LOG[39m [38;5;3m[RouterExplorer] [39m[32mMapped {/api/auth/register, POST} route[39m[38;5;3m +1ms[39m
[32m[Nest] 33300  - [39m03/21/2026, 4:32:52 PM [32m    LOG[39m [38;5;3m[RouterExplorer] [39m[32mMapped {/api/auth/login, POST} route[39m[38;5;3m +2ms[39m
[32m[Nest] 33300  - [39m03/21/2026, 4:32:52 PM [32m    LOG[39m [38;5;3m[RouterExplorer] [39m[32mMapped {/api/auth/session/exchange, POST} route[39m[38;5;3m +1ms[39m
[32m[Nest] 33300  - [39m03/21/2026, 4:32:52 PM [32m    LOG[39m [38;5;3m[RouterExplorer] [39m[32mMapped {/api/auth/me, GET} route[39m[38;5;3m +1ms[39m
[32m[Nest] 33300  - [39m03/21/2026, 4:32:52 PM [32m    LOG[39m [38;5;3m[RoutesResolver] [39m[32mProductsController {/api/products}:[39m[38;5;3m +1ms[39m
[32m[Nest] 33300  - [39m03/21/2026, 4:32:52 PM [32m    LOG[39m [38;5;3m[RouterExplorer] [39m[32mMapped {/api/products, GET} route[39m[38;5;3m +1ms[39m
[32m[Nest] 33300  - [39m03/21/2026, 4:32:52 PM [32m    LOG[39m [38;5;3m[RouterExplorer] [39m[32mMapped {/api/products/featured, GET} route[39m[38;5;3m +4ms[39m
[32m[Nest] 33300  - [39m03/21/2026, 4:32:52 PM [32m    LOG[39m [38;5;3m[RouterExplorer] [39m[32mMapped {/api/products/:slug, GET} route[39m[38;5;3m +3ms[39m
[32m[Nest] 33300  - [39m03/21/2026, 4:32:52 PM [32m    LOG[39m [38;5;3m[RoutesResolver] [39m[32mCartController {/api/cart}:[39m[38;5;3m +0ms[39m
[32m[Nest] 33300  - [39m03/21/2026, 4:32:52 PM [32m    LOG[39m [38;5;3m[RouterExplorer] [39m[32mMapped {/api/cart, GET} route[39m[38;5;3m +1ms[39m
[32m[Nest] 33300  - [39m03/21/2026, 4:32:52 PM [32m    LOG[39m [38;5;3m[RouterExplorer] [39m[32mMapped {/api/cart/items, POST} route[39m[38;5;3m +1ms[39m
[32m[Nest] 33300  - [39m03/21/2026, 4:32:52 PM [32m    LOG[39m [38;5;3m[RouterExplorer] [39m[32mMapped {/api/cart/items/:itemId, PATCH} route[39m[38;5;3m +0ms[39m
[32m[Nest] 33300  - [39m03/21/2026, 4:32:52 PM [32m    LOG[39m [38;5;3m[RouterExplorer] [39m[32mMapped {/api/cart/items/:itemId, DELETE} route[39m[38;5;3m +1ms[39m
[32m[Nest] 33300  - [39m03/21/2026, 4:32:52 PM [32m    LOG[39m [38;5;3m[RouterExplorer] [39m[32mMapped {/api/cart, DELETE} route[39m[38;5;3m +1ms[39m
[32m[Nest] 33300  - [39m03/21/2026, 4:32:52 PM [32m    LOG[39m [38;5;3m[RoutesResolver] [39m[32mCheckoutController {/api/checkout}:[39m[38;5;3m +0ms[39m
[32m[Nest] 33300  - [39m03/21/2026, 4:32:52 PM [32m    LOG[39m [38;5;3m[RouterExplorer] [39m[32mMapped {/api/checkout/session, POST} route[39m[38;5;3m +1ms[39m
[32m[Nest] 33300  - [39m03/21/2026, 4:32:52 PM [32m    LOG[39m [38;5;3m[RouterExplorer] [39m[32mMapped {/api/checkout/stripe/payment-intent, POST} route[39m[38;5;3m +0ms[39m
[32m[Nest] 33300  - [39m03/21/2026, 4:32:52 PM [32m    LOG[39m [38;5;3m[RouterExplorer] [39m[32mMapped {/api/checkout/stripe/confirm, POST} route[39m[38;5;3m +1ms[39m
[32m[Nest] 33300  - [39m03/21/2026, 4:32:52 PM [32m    LOG[39m [38;5;3m[RouterExplorer] [39m[32mMapped {/api/checkout/paypal/order, POST} route[39m[38;5;3m +1ms[39m
[32m[Nest] 33300  - [39m03/21/2026, 4:32:52 PM [32m    LOG[39m [38;5;3m[RouterExplorer] [39m[32mMapped {/api/checkout/paypal/capture, POST} route[39m[38;5;3m +1ms[39m
[32m[Nest] 33300  - [39m03/21/2026, 4:32:52 PM [32m    LOG[39m [38;5;3m[RoutesResolver] [39m[32mAdminController {/api/admin/products}:[39m[38;5;3m +0ms[39m
[32m[Nest] 33300  - [39m03/21/2026, 4:32:52 PM [32m    LOG[39m [38;5;3m[RouterExplorer] [39m[32mMapped {/api/admin/products, POST} route[39m[38;5;3m +1ms[39m
[32m[Nest] 33300  - [39m03/21/2026, 4:32:52 PM [32m    LOG[39m [38;5;3m[RouterExplorer] [39m[32mMapped {/api/admin/products/:id, PATCH} route[39m[38;5;3m +1ms[39m
[32m[Nest] 33300  - [39m03/21/2026, 4:32:52 PM [32m    LOG[39m [38;5;3m[RouterExplorer] [39m[32mMapped {/api/admin/products/:id, DELETE} route[39m[38;5;3m +1ms[39m
[32m[Nest] 33300  - [39m03/21/2026, 4:32:52 PM [32m    LOG[39m [38;5;3m[RouterExplorer] [39m[32mMapped {/api/admin/products/upload, POST} route[39m[38;5;3m +1ms[39m
[32m[Nest] 33300  - [39m03/21/2026, 4:32:52 PM [32m    LOG[39m [38;5;3m[NestApplication] [39m[32mNest application successfully started[39m[38;5;3m +65ms[39m
[2J[3J[H[[90m4:42:06 PM[0m] File change detected. Starting incremental compilation...

[[90m4:42:07 PM[0m] Found 0 errors. Watching for file changes.

[2J[3J[H[[90m4:42:08 PM[0m] File change detected. Starting incremental compilation...

[[90m4:42:09 PM[0m] Found 0 errors. Watching for file changes.

[2J[3J[H[[90m4:42:10 PM[0m] File change detected. Starting incremental compilation...

[[90m4:42:11 PM[0m] Found 0 errors. Watching for file changes.

[2J[3J[H[[90m4:42:11 PM[0m] File change detected. Starting incremental compilation...

[[90m4:42:12 PM[0m] Found 0 errors. Watching for file changes.

[32m[Nest] 39032  - [39m03/21/2026, 4:42:15 PM [32m    LOG[39m [38;5;3m[NestFactory] [39m[32mStarting Nest application...[39m
[32m[Nest] 39032  - [39m03/21/2026, 4:42:15 PM [32m    LOG[39m [38;5;3m[InstanceLoader] [39m[32mPrismaModule dependencies initialized[39m[38;5;3m +44ms[39m
[32m[Nest] 39032  - [39m03/21/2026, 4:42:15 PM [32m    LOG[39m [38;5;3m[InstanceLoader] [39m[32mPassportModule dependencies initialized[39m[38;5;3m +1ms[39m
[32m[Nest] 39032  - [39m03/21/2026, 4:42:15 PM [32m    LOG[39m [38;5;3m[InstanceLoader] [39m[32mConfigHostModule dependencies initialized[39m[38;5;3m +3ms[39m
[32m[Nest] 39032  - [39m03/21/2026, 4:42:15 PM [32m    LOG[39m [38;5;3m[InstanceLoader] [39m[32mJwtModule dependencies initialized[39m[38;5;3m +1ms[39m
[32m[Nest] 39032  - [39m03/21/2026, 4:42:15 PM [32m    LOG[39m [38;5;3m[InstanceLoader] [39m[32mUsersModule dependencies initialized[39m[38;5;3m +2ms[39m
[32m[Nest] 39032  - [39m03/21/2026, 4:42:15 PM [32m    LOG[39m [38;5;3m[InstanceLoader] [39m[32mConfigModule dependencies initialized[39m[38;5;3m +1ms[39m
[32m[Nest] 39032  - [39m03/21/2026, 4:42:15 PM [32m    LOG[39m [38;5;3m[InstanceLoader] [39m[32mProductsModule dependencies initialized[39m[38;5;3m +0ms[39m
[32m[Nest] 39032  - [39m03/21/2026, 4:42:15 PM [32m    LOG[39m [38;5;3m[InstanceLoader] [39m[32mCartModule dependencies initialized[39m[38;5;3m +1ms[39m
[32m[Nest] 39032  - [39m03/21/2026, 4:42:15 PM [32m    LOG[39m [38;5;3m[InstanceLoader] [39m[32mCheckoutModule dependencies initialized[39m[38;5;3m +0ms[39m
[32m[Nest] 39032  - [39m03/21/2026, 4:42:15 PM [32m    LOG[39m [38;5;3m[InstanceLoader] [39m[32mAppModule dependencies initialized[39m[38;5;3m +1ms[39m
[32m[Nest] 39032  - [39m03/21/2026, 4:42:15 PM [32m    LOG[39m [38;5;3m[InstanceLoader] [39m[32mAuthModule dependencies initialized[39m[38;5;3m +1ms[39m
[32m[Nest] 39032  - [39m03/21/2026, 4:42:15 PM [32m    LOG[39m [38;5;3m[InstanceLoader] [39m[32mAdminModule dependencies initialized[39m[38;5;3m +0ms[39m
[32m[Nest] 39032  - [39m03/21/2026, 4:42:15 PM [32m    LOG[39m [38;5;3m[RoutesResolver] [39m[32mAppController {/api}:[39m[38;5;3m +8ms[39m
[32m[Nest] 39032  - [39m03/21/2026, 4:42:15 PM [32m    LOG[39m [38;5;3m[RouterExplorer] [39m[32mMapped {/api, GET} route[39m[38;5;3m +4ms[39m
[32m[Nest] 39032  - [39m03/21/2026, 4:42:15 PM [32m    LOG[39m [38;5;3m[RouterExplorer] [39m[32mMapped {/api/health, GET} route[39m[38;5;3m +1ms[39m
[32m[Nest] 39032  - [39m03/21/2026, 4:42:15 PM [32m    LOG[39m [38;5;3m[RoutesResolver] [39m[32mAuthController {/api/auth}:[39m[38;5;3m +1ms[39m
[32m[Nest] 39032  - [39m03/21/2026, 4:42:15 PM [32m    LOG[39m [38;5;3m[RouterExplorer] [39m[32mMapped {/api/auth/register, POST} route[39m[38;5;3m +1ms[39m
[32m[Nest] 39032  - [39m03/21/2026, 4:42:15 PM [32m    LOG[39m [38;5;3m[RouterExplorer] [39m[32mMapped {/api/auth/login, POST} route[39m[38;5;3m +1ms[39m
[32m[Nest] 39032  - [39m03/21/2026, 4:42:15 PM [32m    LOG[39m [38;5;3m[RouterExplorer] [39m[32mMapped {/api/auth/session/exchange, POST} route[39m[38;5;3m +1ms[39m
[32m[Nest] 39032  - [39m03/21/2026, 4:42:15 PM [32m    LOG[39m [38;5;3m[RouterExplorer] [39m[32mMapped {/api/auth/me, GET} route[39m[38;5;3m +1ms[39m
[32m[Nest] 39032  - [39m03/21/2026, 4:42:15 PM [32m    LOG[39m [38;5;3m[RoutesResolver] [39m[32mProductsController {/api/products}:[39m[38;5;3m +1ms[39m
[32m[Nest] 39032  - [39m03/21/2026, 4:42:15 PM [32m    LOG[39m [38;5;3m[RouterExplorer] [39m[32mMapped {/api/products, GET} route[39m[38;5;3m +0ms[39m
[32m[Nest] 39032  - [39m03/21/2026, 4:42:15 PM [32m    LOG[39m [38;5;3m[RouterExplorer] [39m[32mMapped {/api/products/featured, GET} route[39m[38;5;3m +1ms[39m
[32m[Nest] 39032  - [39m03/21/2026, 4:42:15 PM [32m    LOG[39m [38;5;3m[RouterExplorer] [39m[32mMapped {/api/products/:slug, GET} route[39m[38;5;3m +2ms[39m
[32m[Nest] 39032  - [39m03/21/2026, 4:42:15 PM [32m    LOG[39m [38;5;3m[RoutesResolver] [39m[32mCartController {/api/cart}:[39m[38;5;3m +0ms[39m
[32m[Nest] 39032  - [39m03/21/2026, 4:42:15 PM [32m    LOG[39m [38;5;3m[RouterExplorer] [39m[32mMapped {/api/cart, GET} route[39m[38;5;3m +1ms[39m
[32m[Nest] 39032  - [39m03/21/2026, 4:42:15 PM [32m    LOG[39m [38;5;3m[RouterExplorer] [39m[32mMapped {/api/cart/items, POST} route[39m[38;5;3m +1ms[39m
[32m[Nest] 39032  - [39m03/21/2026, 4:42:15 PM [32m    LOG[39m [38;5;3m[RouterExplorer] [39m[32mMapped {/api/cart/items/:itemId, PATCH} route[39m[38;5;3m +1ms[39m
[32m[Nest] 39032  - [39m03/21/2026, 4:42:15 PM [32m    LOG[39m [38;5;3m[RouterExplorer] [39m[32mMapped {/api/cart/items/:itemId, DELETE} route[39m[38;5;3m +0ms[39m
[32m[Nest] 39032  - [39m03/21/2026, 4:42:15 PM [32m    LOG[39m [38;5;3m[RouterExplorer] [39m[32mMapped {/api/cart, DELETE} route[39m[38;5;3m +1ms[39m
[32m[Nest] 39032  - [39m03/21/2026, 4:42:15 PM [32m    LOG[39m [38;5;3m[RoutesResolver] [39m[32mCheckoutController {/api/checkout}:[39m[38;5;3m +0ms[39m
[32m[Nest] 39032  - [39m03/21/2026, 4:42:15 PM [32m    LOG[39m [38;5;3m[RouterExplorer] [39m[32mMapped {/api/checkout/session, POST} route[39m[38;5;3m +1ms[39m
[32m[Nest] 39032  - [39m03/21/2026, 4:42:15 PM [32m    LOG[39m [38;5;3m[RouterExplorer] [39m[32mMapped {/api/checkout/stripe/payment-intent, POST} route[39m[38;5;3m +0ms[39m
[32m[Nest] 39032  - [39m03/21/2026, 4:42:15 PM [32m    LOG[39m [38;5;3m[RouterExplorer] [39m[32mMapped {/api/checkout/stripe/confirm, POST} route[39m[38;5;3m +1ms[39m
[32m[Nest] 39032  - [39m03/21/2026, 4:42:15 PM [32m    LOG[39m [38;5;3m[RouterExplorer] [39m[32mMapped {/api/checkout/paypal/order, POST} route[39m[38;5;3m +0ms[39m
[32m[Nest] 39032  - [39m03/21/2026, 4:42:15 PM [32m    LOG[39m [38;5;3m[RouterExplorer] [39m[32mMapped {/api/checkout/paypal/capture, POST} route[39m[38;5;3m +1ms[39m
[32m[Nest] 39032  - [39m03/21/2026, 4:42:15 PM [32m    LOG[39m [38;5;3m[RoutesResolver] [39m[32mAdminController {/api/admin/products}:[39m[38;5;3m +0ms[39m
[32m[Nest] 39032  - [39m03/21/2026, 4:42:15 PM [32m    LOG[39m [38;5;3m[RouterExplorer] [39m[32mMapped {/api/admin/products, POST} route[39m[38;5;3m +1ms[39m
[32m[Nest] 39032  - [39m03/21/2026, 4:42:15 PM [32m    LOG[39m [38;5;3m[RouterExplorer] [39m[32mMapped {/api/admin/products/:id, PATCH} route[39m[38;5;3m +0ms[39m
[32m[Nest] 39032  - [39m03/21/2026, 4:42:15 PM [32m    LOG[39m [38;5;3m[RouterExplorer] [39m[32mMapped {/api/admin/products/:id, DELETE} route[39m[38;5;3m +1ms[39m
[32m[Nest] 39032  - [39m03/21/2026, 4:42:15 PM [32m    LOG[39m [38;5;3m[RouterExplorer] [39m[32mMapped {/api/admin/products/upload, POST} route[39m[38;5;3m +0ms[39m
[32m[Nest] 39032  - [39m03/21/2026, 4:42:15 PM [32m    LOG[39m [38;5;3m[NestApplication] [39m[32mNest application successfully started[39m[38;5;3m +39ms[39m
[2J[3J[H[[90m4:42:15 PM[0m] File change detected. Starting incremental compilation...

[[90m4:42:16 PM[0m] Found 0 errors. Watching for file changes.

[32m[Nest] 38552  - [39m03/21/2026, 4:42:18 PM [32m    LOG[39m [38;5;3m[NestFactory] [39m[32mStarting Nest application...[39m
[32m[Nest] 38552  - [39m03/21/2026, 4:42:18 PM [32m    LOG[39m [38;5;3m[InstanceLoader] [39m[32mPrismaModule dependencies initialized[39m[38;5;3m +34ms[39m
[32m[Nest] 38552  - [39m03/21/2026, 4:42:18 PM [32m    LOG[39m [38;5;3m[InstanceLoader] [39m[32mPassportModule dependencies initialized[39m[38;5;3m +1ms[39m
[32m[Nest] 38552  - [39m03/21/2026, 4:42:18 PM [32m    LOG[39m [38;5;3m[InstanceLoader] [39m[32mConfigHostModule dependencies initialized[39m[38;5;3m +3ms[39m
[32m[Nest] 38552  - [39m03/21/2026, 4:42:18 PM [32m    LOG[39m [38;5;3m[InstanceLoader] [39m[32mJwtModule dependencies initialized[39m[38;5;3m +0ms[39m
[32m[Nest] 38552  - [39m03/21/2026, 4:42:18 PM [32m    LOG[39m [38;5;3m[InstanceLoader] [39m[32mUsersModule dependencies initialized[39m[38;5;3m +1ms[39m
[32m[Nest] 38552  - [39m03/21/2026, 4:42:18 PM [32m    LOG[39m [38;5;3m[InstanceLoader] [39m[32mConfigModule dependencies initialized[39m[38;5;3m +1ms[39m
[32m[Nest] 38552  - [39m03/21/2026, 4:42:18 PM [32m    LOG[39m [38;5;3m[InstanceLoader] [39m[32mProductsModule dependencies initialized[39m[38;5;3m +1ms[39m
[32m[Nest] 38552  - [39m03/21/2026, 4:42:18 PM [32m    LOG[39m [38;5;3m[InstanceLoader] [39m[32mCartModule dependencies initialized[39m[38;5;3m +0ms[39m
[32m[Nest] 38552  - [39m03/21/2026, 4:42:18 PM [32m    LOG[39m [38;5;3m[InstanceLoader] [39m[32mCheckoutModule dependencies initialized[39m[38;5;3m +1ms[39m
[32m[Nest] 38552  - [39m03/21/2026, 4:42:18 PM [32m    LOG[39m [38;5;3m[InstanceLoader] [39m[32mAppModule dependencies initialized[39m[38;5;3m +0ms[39m
[32m[Nest] 38552  - [39m03/21/2026, 4:42:18 PM [32m    LOG[39m [38;5;3m[InstanceLoader] [39m[32mAuthModule dependencies initialized[39m[38;5;3m +1ms[39m
[32m[Nest] 38552  - [39m03/21/2026, 4:42:18 PM [32m    LOG[39m [38;5;3m[InstanceLoader] [39m[32mAdminModule dependencies initialized[39m[38;5;3m +0ms[39m
[32m[Nest] 38552  - [39m03/21/2026, 4:42:18 PM [32m    LOG[39m [38;5;3m[RoutesResolver] [39m[32mAppController {/api}:[39m[38;5;3m +7ms[39m
[32m[Nest] 38552  - [39m03/21/2026, 4:42:18 PM [32m    LOG[39m [38;5;3m[RouterExplorer] [39m[32mMapped {/api, GET} route[39m[38;5;3m +3ms[39m
[32m[Nest] 38552  - [39m03/21/2026, 4:42:18 PM [32m    LOG[39m [38;5;3m[RouterExplorer] [39m[32mMapped {/api/health, GET} route[39m[38;5;3m +1ms[39m
[32m[Nest] 38552  - [39m03/21/2026, 4:42:18 PM [32m    LOG[39m [38;5;3m[RoutesResolver] [39m[32mAuthController {/api/auth}:[39m[38;5;3m +0ms[39m
[32m[Nest] 38552  - [39m03/21/2026, 4:42:18 PM [32m    LOG[39m [38;5;3m[RouterExplorer] [39m[32mMapped {/api/auth/register, POST} route[39m[38;5;3m +1ms[39m
[32m[Nest] 38552  - [39m03/21/2026, 4:42:18 PM [32m    LOG[39m [38;5;3m[RouterExplorer] [39m[32mMapped {/api/auth/login, POST} route[39m[38;5;3m +1ms[39m
[32m[Nest] 38552  - [39m03/21/2026, 4:42:18 PM [32m    LOG[39m [38;5;3m[RouterExplorer] [39m[32mMapped {/api/auth/session/exchange, POST} route[39m[38;5;3m +1ms[39m
[32m[Nest] 38552  - [39m03/21/2026, 4:42:18 PM [32m    LOG[39m [38;5;3m[RouterExplorer] [39m[32mMapped {/api/auth/me, GET} route[39m[38;5;3m +0ms[39m
[32m[Nest] 38552  - [39m03/21/2026, 4:42:18 PM [32m    LOG[39m [38;5;3m[RoutesResolver] [39m[32mProductsController {/api/products}:[39m[38;5;3m +0ms[39m
[32m[Nest] 38552  - [39m03/21/2026, 4:42:18 PM [32m    LOG[39m [38;5;3m[RouterExplorer] [39m[32mMapped {/api/products, GET} route[39m[38;5;3m +1ms[39m
[32m[Nest] 38552  - [39m03/21/2026, 4:42:18 PM [32m    LOG[39m [38;5;3m[RouterExplorer] [39m[32mMapped {/api/products/featured, GET} route[39m[38;5;3m +1ms[39m
[32m[Nest] 38552  - [39m03/21/2026, 4:42:18 PM [32m    LOG[39m [38;5;3m[RouterExplorer] [39m[32mMapped {/api/products/:slug, GET} route[39m[38;5;3m +1ms[39m
[32m[Nest] 38552  - [39m03/21/2026, 4:42:18 PM [32m    LOG[39m [38;5;3m[RoutesResolver] [39m[32mCartController {/api/cart}:[39m[38;5;3m +0ms[39m
[32m[Nest] 38552  - [39m03/21/2026, 4:42:18 PM [32m    LOG[39m [38;5;3m[RouterExplorer] [39m[32mMapped {/api/cart, GET} route[39m[38;5;3m +1ms[39m
[32m[Nest] 38552  - [39m03/21/2026, 4:42:18 PM [32m    LOG[39m [38;5;3m[RouterExplorer] [39m[32mMapped {/api/cart/items, POST} route[39m[38;5;3m +1ms[39m
[32m[Nest] 38552  - [39m03/21/2026, 4:42:18 PM [32m    LOG[39m [38;5;3m[RouterExplorer] [39m[32mMapped {/api/cart/items/:itemId, PATCH} route[39m[38;5;3m +0ms[39m
[32m[Nest] 38552  - [39m03/21/2026, 4:42:18 PM [32m    LOG[39m [38;5;3m[RouterExplorer] [39m[32mMapped {/api/cart/items/:itemId, DELETE} route[39m[38;5;3m +3ms[39m
[32m[Nest] 38552  - [39m03/21/2026, 4:42:18 PM [32m    LOG[39m [38;5;3m[RouterExplorer] [39m[32mMapped {/api/cart, DELETE} route[39m[38;5;3m +1ms[39m
[32m[Nest] 38552  - [39m03/21/2026, 4:42:18 PM [32m    LOG[39m [38;5;3m[RoutesResolver] [39m[32mCheckoutController {/api/checkout}:[39m[38;5;3m +0ms[39m
[32m[Nest] 38552  - [39m03/21/2026, 4:42:18 PM [32m    LOG[39m [38;5;3m[RouterExplorer] [39m[32mMapped {/api/checkout/session, POST} route[39m[38;5;3m +1ms[39m
[32m[Nest] 38552  - [39m03/21/2026, 4:42:18 PM [32m    LOG[39m [38;5;3m[RouterExplorer] [39m[32mMapped {/api/checkout/stripe/payment-intent, POST} route[39m[38;5;3m +0ms[39m
[32m[Nest] 38552  - [39m03/21/2026, 4:42:18 PM [32m    LOG[39m [38;5;3m[RouterExplorer] [39m[32mMapped {/api/checkout/stripe/confirm, POST} route[39m[38;5;3m +1ms[39m
[32m[Nest] 38552  - [39m03/21/2026, 4:42:18 PM [32m    LOG[39m [38;5;3m[RouterExplorer] [39m[32mMapped {/api/checkout/paypal/order, POST} route[39m[38;5;3m +0ms[39m
[32m[Nest] 38552  - [39m03/21/2026, 4:42:18 PM [32m    LOG[39m [38;5;3m[RouterExplorer] [39m[32mMapped {/api/checkout/paypal/capture, POST} route[39m[38;5;3m +0ms[39m
[32m[Nest] 38552  - [39m03/21/2026, 4:42:18 PM [32m    LOG[39m [38;5;3m[RoutesResolver] [39m[32mAdminController {/api/admin/products}:[39m[38;5;3m +1ms[39m
[32m[Nest] 38552  - [39m03/21/2026, 4:42:18 PM [32m    LOG[39m [38;5;3m[RouterExplorer] [39m[32mMapped {/api/admin/products, POST} route[39m[38;5;3m +0ms[39m
[32m[Nest] 38552  - [39m03/21/2026, 4:42:18 PM [32m    LOG[39m [38;5;3m[RouterExplorer] [39m[32mMapped {/api/admin/products/:id, PATCH} route[39m[38;5;3m +1ms[39m
[32m[Nest] 38552  - [39m03/21/2026, 4:42:18 PM [32m    LOG[39m [38;5;3m[RouterExplorer] [39m[32mMapped {/api/admin/products/:id, DELETE} route[39m[38;5;3m +0ms[39m
[32m[Nest] 38552  - [39m03/21/2026, 4:42:18 PM [32m    LOG[39m [38;5;3m[RouterExplorer] [39m[32mMapped {/api/admin/products/upload, POST} route[39m[38;5;3m +1ms[39m
[32m[Nest] 38552  - [39m03/21/2026, 4:42:18 PM [32m    LOG[39m [38;5;3m[NestApplication] [39m[32mNest application successfully started[39m[38;5;3m +40ms[39m
[2J[3J[H[[90m4:47:50 PM[0m] File change detected. Starting incremental compilation...

[[90m4:47:51 PM[0m] Found 0 errors. Watching for file changes.

[32m[Nest] 38392  - [39m03/21/2026, 4:47:55 PM [32m    LOG[39m [38;5;3m[NestFactory] [39m[32mStarting Nest application...[39m
[32m[Nest] 38392  - [39m03/21/2026, 4:47:55 PM [32m    LOG[39m [38;5;3m[InstanceLoader] [39m[32mPrismaModule dependencies initialized[39m[38;5;3m +44ms[39m
[32m[Nest] 38392  - [39m03/21/2026, 4:47:55 PM [32m    LOG[39m [38;5;3m[InstanceLoader] [39m[32mPassportModule dependencies initialized[39m[38;5;3m +0ms[39m
[32m[Nest] 38392  - [39m03/21/2026, 4:47:55 PM [32m    LOG[39m [38;5;3m[InstanceLoader] [39m[32mConfigHostModule dependencies initialized[39m[38;5;3m +5ms[39m
[32m[Nest] 38392  - [39m03/21/2026, 4:47:55 PM [32m    LOG[39m [38;5;3m[InstanceLoader] [39m[32mJwtModule dependencies initialized[39m[38;5;3m +1ms[39m
[32m[Nest] 38392  - [39m03/21/2026, 4:47:55 PM [32m    LOG[39m [38;5;3m[InstanceLoader] [39m[32mUsersModule dependencies initialized[39m[38;5;3m +1ms[39m
[32m[Nest] 38392  - [39m03/21/2026, 4:47:55 PM [32m    LOG[39m [38;5;3m[InstanceLoader] [39m[32mConfigModule dependencies initialized[39m[38;5;3m +1ms[39m
[32m[Nest] 38392  - [39m03/21/2026, 4:47:55 PM [32m    LOG[39m [38;5;3m[InstanceLoader] [39m[32mProductsModule dependencies initialized[39m[38;5;3m +1ms[39m
[32m[Nest] 38392  - [39m03/21/2026, 4:47:55 PM [32m    LOG[39m [38;5;3m[InstanceLoader] [39m[32mCartModule dependencies initialized[39m[38;5;3m +1ms[39m
[32m[Nest] 38392  - [39m03/21/2026, 4:47:55 PM [32m    LOG[39m [38;5;3m[InstanceLoader] [39m[32mCheckoutModule dependencies initialized[39m[38;5;3m +0ms[39m
[32m[Nest] 38392  - [39m03/21/2026, 4:47:55 PM [32m    LOG[39m [38;5;3m[InstanceLoader] [39m[32mAppModule dependencies initialized[39m[38;5;3m +1ms[39m
[32m[Nest] 38392  - [39m03/21/2026, 4:47:55 PM [32m    LOG[39m [38;5;3m[InstanceLoader] [39m[32mAuthModule dependencies initialized[39m[38;5;3m +0ms[39m
[32m[Nest] 38392  - [39m03/21/2026, 4:47:55 PM [32m    LOG[39m [38;5;3m[InstanceLoader] [39m[32mAdminModule dependencies initialized[39m[38;5;3m +1ms[39m
[32m[Nest] 38392  - [39m03/21/2026, 4:47:55 PM [32m    LOG[39m [38;5;3m[RoutesResolver] [39m[32mAppController {/api}:[39m[38;5;3m +10ms[39m
[32m[Nest] 38392  - [39m03/21/2026, 4:47:55 PM [32m    LOG[39m [38;5;3m[RouterExplorer] [39m[32mMapped {/api, GET} route[39m[38;5;3m +7ms[39m
[32m[Nest] 38392  - [39m03/21/2026, 4:47:55 PM [32m    LOG[39m [38;5;3m[RouterExplorer] [39m[32mMapped {/api/health, GET} route[39m[38;5;3m +2ms[39m
[32m[Nest] 38392  - [39m03/21/2026, 4:47:55 PM [32m    LOG[39m [38;5;3m[RoutesResolver] [39m[32mAuthController {/api/auth}:[39m[38;5;3m +0ms[39m
[32m[Nest] 38392  - [39m03/21/2026, 4:47:55 PM [32m    LOG[39m [38;5;3m[RouterExplorer] [39m[32mMapped {/api/auth/register, POST} route[39m[38;5;3m +2ms[39m
[32m[Nest] 38392  - [39m03/21/2026, 4:47:55 PM [32m    LOG[39m [38;5;3m[RouterExplorer] [39m[32mMapped {/api/auth/login, POST} route[39m[38;5;3m +1ms[39m
[32m[Nest] 38392  - [39m03/21/2026, 4:47:55 PM [32m    LOG[39m [38;5;3m[RouterExplorer] [39m[32mMapped {/api/auth/session/exchange, POST} route[39m[38;5;3m +1ms[39m
[32m[Nest] 38392  - [39m03/21/2026, 4:47:55 PM [32m    LOG[39m [38;5;3m[RouterExplorer] [39m[32mMapped {/api/auth/me, GET} route[39m[38;5;3m +1ms[39m
[32m[Nest] 38392  - [39m03/21/2026, 4:47:55 PM [32m    LOG[39m [38;5;3m[RoutesResolver] [39m[32mProductsController {/api/products}:[39m[38;5;3m +0ms[39m
[32m[Nest] 38392  - [39m03/21/2026, 4:47:55 PM [32m    LOG[39m [38;5;3m[RouterExplorer] [39m[32mMapped {/api/products, GET} route[39m[38;5;3m +1ms[39m
[32m[Nest] 38392  - [39m03/21/2026, 4:47:55 PM [32m    LOG[39m [38;5;3m[RouterExplorer] [39m[32mMapped {/api/products/featured, GET} route[39m[38;5;3m +1ms[39m
[32m[Nest] 38392  - [39m03/21/2026, 4:47:55 PM [32m    LOG[39m [38;5;3m[RouterExplorer] [39m[32mMapped {/api/products/:slug, GET} route[39m[38;5;3m +2ms[39m
[32m[Nest] 38392  - [39m03/21/2026, 4:47:55 PM [32m    LOG[39m [38;5;3m[RoutesResolver] [39m[32mCartController {/api/cart}:[39m[38;5;3m +1ms[39m
[32m[Nest] 38392  - [39m03/21/2026, 4:47:55 PM [32m    LOG[39m [38;5;3m[RouterExplorer] [39m[32mMapped {/api/cart, GET} route[39m[38;5;3m +2ms[39m
[32m[Nest] 38392  - [39m03/21/2026, 4:47:55 PM [32m    LOG[39m [38;5;3m[RouterExplorer] [39m[32mMapped {/api/cart/items, POST} route[39m[38;5;3m +0ms[39m
[32m[Nest] 38392  - [39m03/21/2026, 4:47:55 PM [32m    LOG[39m [38;5;3m[RouterExplorer] [39m[32mMapped {/api/cart/items/:itemId, PATCH} route[39m[38;5;3m +1ms[39m
[32m[Nest] 38392  - [39m03/21/2026, 4:47:55 PM [32m    LOG[39m [38;5;3m[RouterExplorer] [39m[32mMapped {/api/cart/items/:itemId, DELETE} route[39m[38;5;3m +1ms[39m
[32m[Nest] 38392  - [39m03/21/2026, 4:47:55 PM [32m    LOG[39m [38;5;3m[RouterExplorer] [39m[32mMapped {/api/cart, DELETE} route[39m[38;5;3m +1ms[39m
[32m[Nest] 38392  - [39m03/21/2026, 4:47:55 PM [32m    LOG[39m [38;5;3m[RoutesResolver] [39m[32mCheckoutController {/api/checkout}:[39m[38;5;3m +0ms[39m
[32m[Nest] 38392  - [39m03/21/2026, 4:47:55 PM [32m    LOG[39m [38;5;3m[RouterExplorer] [39m[32mMapped {/api/checkout/session, POST} route[39m[38;5;3m +1ms[39m
[32m[Nest] 38392  - [39m03/21/2026, 4:47:55 PM [32m    LOG[39m [38;5;3m[RouterExplorer] [39m[32mMapped {/api/checkout/stripe/payment-intent, POST} route[39m[38;5;3m +1ms[39m
[32m[Nest] 38392  - [39m03/21/2026, 4:47:55 PM [32m    LOG[39m [38;5;3m[RouterExplorer] [39m[32mMapped {/api/checkout/stripe/confirm, POST} route[39m[38;5;3m +1ms[39m
[32m[Nest] 38392  - [39m03/21/2026, 4:47:55 PM [32m    LOG[39m [38;5;3m[RouterExplorer] [39m[32mMapped {/api/checkout/paypal/order, POST} route[39m[38;5;3m +1ms[39m
[32m[Nest] 38392  - [39m03/21/2026, 4:47:55 PM [32m    LOG[39m [38;5;3m[RouterExplorer] [39m[32mMapped {/api/checkout/paypal/capture, POST} route[39m[38;5;3m +0ms[39m
[32m[Nest] 38392  - [39m03/21/2026, 4:47:55 PM [32m    LOG[39m [38;5;3m[RoutesResolver] [39m[32mAdminController {/api/admin/products}:[39m[38;5;3m +1ms[39m
[32m[Nest] 38392  - [39m03/21/2026, 4:47:55 PM [32m    LOG[39m [38;5;3m[RouterExplorer] [39m[32mMapped {/api/admin/products, POST} route[39m[38;5;3m +1ms[39m
[32m[Nest] 38392  - [39m03/21/2026, 4:47:55 PM [32m    LOG[39m [38;5;3m[RouterExplorer] [39m[32mMapped {/api/admin/products/:id, PATCH} route[39m[38;5;3m +0ms[39m
[32m[Nest] 38392  - [39m03/21/2026, 4:47:55 PM [32m    LOG[39m [38;5;3m[RouterExplorer] [39m[32mMapped {/api/admin/products/:id, DELETE} route[39m[38;5;3m +4ms[39m
[32m[Nest] 38392  - [39m03/21/2026, 4:47:55 PM [32m    LOG[39m [38;5;3m[RouterExplorer] [39m[32mMapped {/api/admin/products/upload, POST} route[39m[38;5;3m +2ms[39m
[32m[Nest] 38392  - [39m03/21/2026, 4:47:55 PM [32m    LOG[39m [38;5;3m[NestApplication] [39m[32mNest application successfully started[39m[38;5;3m +69ms[39m
[2J[3J[H[[90m4:49:48 PM[0m] File change detected. Starting incremental compilation...

[[90m4:49:49 PM[0m] Found 0 errors. Watching for file changes.

[32m[Nest] 45132  - [39m03/21/2026, 4:49:52 PM [32m    LOG[39m [38;5;3m[NestFactory] [39m[32mStarting Nest application...[39m
[32m[Nest] 45132  - [39m03/21/2026, 4:49:52 PM [32m    LOG[39m [38;5;3m[InstanceLoader] [39m[32mPrismaModule dependencies initialized[39m[38;5;3m +40ms[39m
[32m[Nest] 45132  - [39m03/21/2026, 4:49:52 PM [32m    LOG[39m [38;5;3m[InstanceLoader] [39m[32mPassportModule dependencies initialized[39m[38;5;3m +0ms[39m
[32m[Nest] 45132  - [39m03/21/2026, 4:49:52 PM [32m    LOG[39m [38;5;3m[InstanceLoader] [39m[32mConfigHostModule dependencies initialized[39m[38;5;3m +4ms[39m
[32m[Nest] 45132  - [39m03/21/2026, 4:49:52 PM [32m    LOG[39m [38;5;3m[InstanceLoader] [39m[32mJwtModule dependencies initialized[39m[38;5;3m +1ms[39m
[32m[Nest] 45132  - [39m03/21/2026, 4:49:52 PM [32m    LOG[39m [38;5;3m[InstanceLoader] [39m[32mUsersModule dependencies initialized[39m[38;5;3m +1ms[39m
[32m[Nest] 45132  - [39m03/21/2026, 4:49:52 PM [32m    LOG[39m [38;5;3m[InstanceLoader] [39m[32mConfigModule dependencies initialized[39m[38;5;3m +2ms[39m
[32m[Nest] 45132  - [39m03/21/2026, 4:49:52 PM [32m    LOG[39m [38;5;3m[InstanceLoader] [39m[32mProductsModule dependencies initialized[39m[38;5;3m +1ms[39m
[32m[Nest] 45132  - [39m03/21/2026, 4:49:52 PM [32m    LOG[39m [38;5;3m[InstanceLoader] [39m[32mCartModule dependencies initialized[39m[38;5;3m +0ms[39m
[32m[Nest] 45132  - [39m03/21/2026, 4:49:52 PM [32m    LOG[39m [38;5;3m[InstanceLoader] [39m[32mCheckoutModule dependencies initialized[39m[38;5;3m +1ms[39m
[32m[Nest] 45132  - [39m03/21/2026, 4:49:52 PM [32m    LOG[39m [38;5;3m[InstanceLoader] [39m[32mAppModule dependencies initialized[39m[38;5;3m +1ms[39m
[32m[Nest] 45132  - [39m03/21/2026, 4:49:52 PM [32m    LOG[39m [38;5;3m[InstanceLoader] [39m[32mAuthModule dependencies initialized[39m[38;5;3m +1ms[39m
[32m[Nest] 45132  - [39m03/21/2026, 4:49:52 PM [32m    LOG[39m [38;5;3m[InstanceLoader] [39m[32mAdminModule dependencies initialized[39m[38;5;3m +0ms[39m
[32m[Nest] 45132  - [39m03/21/2026, 4:49:52 PM [32m    LOG[39m [38;5;3m[RoutesResolver] [39m[32mAppController {/api}:[39m[38;5;3m +13ms[39m
[32m[Nest] 45132  - [39m03/21/2026, 4:49:52 PM [32m    LOG[39m [38;5;3m[RouterExplorer] [39m[32mMapped {/api, GET} route[39m[38;5;3m +6ms[39m
[32m[Nest] 45132  - [39m03/21/2026, 4:49:52 PM [32m    LOG[39m [38;5;3m[RouterExplorer] [39m[32mMapped {/api/health, GET} route[39m[38;5;3m +2ms[39m
[32m[Nest] 45132  - [39m03/21/2026, 4:49:52 PM [32m    LOG[39m [38;5;3m[RoutesResolver] [39m[32mAuthController {/api/auth}:[39m[38;5;3m +0ms[39m
[32m[Nest] 45132  - [39m03/21/2026, 4:49:52 PM [32m    LOG[39m [38;5;3m[RouterExplorer] [39m[32mMapped {/api/auth/register, POST} route[39m[38;5;3m +2ms[39m
[32m[Nest] 45132  - [39m03/21/2026, 4:49:52 PM [32m    LOG[39m [38;5;3m[RouterExplorer] [39m[32mMapped {/api/auth/login, POST} route[39m[38;5;3m +1ms[39m
[32m[Nest] 45132  - [39m03/21/2026, 4:49:52 PM [32m    LOG[39m [38;5;3m[RouterExplorer] [39m[32mMapped {/api/auth/session/exchange, POST} route[39m[38;5;3m +1ms[39m
[32m[Nest] 45132  - [39m03/21/2026, 4:49:52 PM [32m    LOG[39m [38;5;3m[RouterExplorer] [39m[32mMapped {/api/auth/me, GET} route[39m[38;5;3m +1ms[39m
[32m[Nest] 45132  - [39m03/21/2026, 4:49:52 PM [32m    LOG[39m [38;5;3m[RoutesResolver] [39m[32mProductsController {/api/products}:[39m[38;5;3m +1ms[39m
[32m[Nest] 45132  - [39m03/21/2026, 4:49:52 PM [32m    LOG[39m [38;5;3m[RouterExplorer] [39m[32mMapped {/api/products, GET} route[39m[38;5;3m +2ms[39m
[32m[Nest] 45132  - [39m03/21/2026, 4:49:52 PM [32m    LOG[39m [38;5;3m[RouterExplorer] [39m[32mMapped {/api/products/featured, GET} route[39m[38;5;3m +1ms[39m
[32m[Nest] 45132  - [39m03/21/2026, 4:49:52 PM [32m    LOG[39m [38;5;3m[RouterExplorer] [39m[32mMapped {/api/products/:slug, GET} route[39m[38;5;3m +3ms[39m
[32m[Nest] 45132  - [39m03/21/2026, 4:49:52 PM [32m    LOG[39m [38;5;3m[RoutesResolver] [39m[32mCartController {/api/cart}:[39m[38;5;3m +1ms[39m
[32m[Nest] 45132  - [39m03/21/2026, 4:49:52 PM [32m    LOG[39m [38;5;3m[RouterExplorer] [39m[32mMapped {/api/cart, GET} route[39m[38;5;3m +1ms[39m
[32m[Nest] 45132  - [39m03/21/2026, 4:49:52 PM [32m    LOG[39m [38;5;3m[RouterExplorer] [39m[32mMapped {/api/cart/items, POST} route[39m[38;5;3m +1ms[39m
[32m[Nest] 45132  - [39m03/21/2026, 4:49:52 PM [32m    LOG[39m [38;5;3m[RouterExplorer] [39m[32mMapped {/api/cart/items/:itemId, PATCH} route[39m[38;5;3m +1ms[39m
[32m[Nest] 45132  - [39m03/21/2026, 4:49:52 PM [32m    LOG[39m [38;5;3m[RouterExplorer] [39m[32mMapped {/api/cart/items/:itemId, DELETE} route[39m[38;5;3m +1ms[39m
[32m[Nest] 45132  - [39m03/21/2026, 4:49:52 PM [32m    LOG[39m [38;5;3m[RouterExplorer] [39m[32mMapped {/api/cart, DELETE} route[39m[38;5;3m +1ms[39m
[32m[Nest] 45132  - [39m03/21/2026, 4:49:52 PM [32m    LOG[39m [38;5;3m[RoutesResolver] [39m[32mCheckoutController {/api/checkout}:[39m[38;5;3m +0ms[39m
[32m[Nest] 45132  - [39m03/21/2026, 4:49:52 PM [32m    LOG[39m [38;5;3m[RouterExplorer] [39m[32mMapped {/api/checkout/session, POST} route[39m[38;5;3m +0ms[39m
[32m[Nest] 45132  - [39m03/21/2026, 4:49:52 PM [32m    LOG[39m [38;5;3m[RouterExplorer] [39m[32mMapped {/api/checkout/stripe/payment-intent, POST} route[39m[38;5;3m +1ms[39m
[32m[Nest] 45132  - [39m03/21/2026, 4:49:52 PM [32m    LOG[39m [38;5;3m[RouterExplorer] [39m[32mMapped {/api/checkout/stripe/confirm, POST} route[39m[38;5;3m +0ms[39m
[32m[Nest] 45132  - [39m03/21/2026, 4:49:52 PM [32m    LOG[39m [38;5;3m[RouterExplorer] [39m[32mMapped {/api/checkout/paypal/order, POST} route[39m[38;5;3m +1ms[39m
[32m[Nest] 45132  - [39m03/21/2026, 4:49:52 PM [32m    LOG[39m [38;5;3m[RouterExplorer] [39m[32mMapped {/api/checkout/paypal/capture, POST} route[39m[38;5;3m +0ms[39m
[32m[Nest] 45132  - [39m03/21/2026, 4:49:52 PM [32m    LOG[39m [38;5;3m[RoutesResolver] [39m[32mAdminController {/api/admin/products}:[39m[38;5;3m +0ms[39m
[32m[Nest] 45132  - [39m03/21/2026, 4:49:52 PM [32m    LOG[39m [38;5;3m[RouterExplorer] [39m[32mMapped {/api/admin/products, POST} route[39m[38;5;3m +1ms[39m
[32m[Nest] 45132  - [39m03/21/2026, 4:49:52 PM [32m    LOG[39m [38;5;3m[RouterExplorer] [39m[32mMapped {/api/admin/products/:id, PATCH} route[39m[38;5;3m +0ms[39m
[32m[Nest] 45132  - [39m03/21/2026, 4:49:52 PM [32m    LOG[39m [38;5;3m[RouterExplorer] [39m[32mMapped {/api/admin/products/:id, DELETE} route[39m[38;5;3m +5ms[39m
[32m[Nest] 45132  - [39m03/21/2026, 4:49:52 PM [32m    LOG[39m [38;5;3m[RouterExplorer] [39m[32mMapped {/api/admin/products/upload, POST} route[39m[38;5;3m +1ms[39m
[32m[Nest] 45132  - [39m03/21/2026, 4:49:52 PM [32m    LOG[39m [38;5;3m[NestApplication] [39m[32mNest application successfully started[39m[38;5;3m +52ms[39m
[2J[3J[H[[90m4:49:53 PM[0m] File change detected. Starting incremental compilation...

[[90m4:49:57 PM[0m] Found 0 errors. Watching for file changes.

[32m[Nest] 37512  - [39m03/21/2026, 4:49:59 PM [32m    LOG[39m [38;5;3m[NestFactory] [39m[32mStarting Nest application...[39m
[32m[Nest] 37512  - [39m03/21/2026, 4:49:59 PM [32m    LOG[39m [38;5;3m[InstanceLoader] [39m[32mPrismaModule dependencies initialized[39m[38;5;3m +38ms[39m
[32m[Nest] 37512  - [39m03/21/2026, 4:49:59 PM [32m    LOG[39m [38;5;3m[InstanceLoader] [39m[32mPassportModule dependencies initialized[39m[38;5;3m +1ms[39m
[32m[Nest] 37512  - [39m03/21/2026, 4:49:59 PM [32m    LOG[39m [38;5;3m[InstanceLoader] [39m[32mConfigHostModule dependencies initialized[39m[38;5;3m +6ms[39m
[32m[Nest] 37512  - [39m03/21/2026, 4:49:59 PM [32m    LOG[39m [38;5;3m[InstanceLoader] [39m[32mJwtModule dependencies initialized[39m[38;5;3m +1ms[39m
[32m[Nest] 37512  - [39m03/21/2026, 4:49:59 PM [32m    LOG[39m [38;5;3m[InstanceLoader] [39m[32mUsersModule dependencies initialized[39m[38;5;3m +1ms[39m
[32m[Nest] 37512  - [39m03/21/2026, 4:49:59 PM [32m    LOG[39m [38;5;3m[InstanceLoader] [39m[32mConfigModule dependencies initialized[39m[38;5;3m +1ms[39m
[32m[Nest] 37512  - [39m03/21/2026, 4:49:59 PM [32m    LOG[39m [38;5;3m[InstanceLoader] [39m[32mProductsModule dependencies initialized[39m[38;5;3m +1ms[39m
[32m[Nest] 37512  - [39m03/21/2026, 4:49:59 PM [32m    LOG[39m [38;5;3m[InstanceLoader] [39m[32mCartModule dependencies initialized[39m[38;5;3m +0ms[39m
[32m[Nest] 37512  - [39m03/21/2026, 4:49:59 PM [32m    LOG[39m [38;5;3m[InstanceLoader] [39m[32mCheckoutModule dependencies initialized[39m[38;5;3m +1ms[39m
[32m[Nest] 37512  - [39m03/21/2026, 4:49:59 PM [32m    LOG[39m [38;5;3m[InstanceLoader] [39m[32mAppModule dependencies initialized[39m[38;5;3m +1ms[39m
[32m[Nest] 37512  - [39m03/21/2026, 4:49:59 PM [32m    LOG[39m [38;5;3m[InstanceLoader] [39m[32mAuthModule dependencies initialized[39m[38;5;3m +0ms[39m
[32m[Nest] 37512  - [39m03/21/2026, 4:49:59 PM [32m    LOG[39m [38;5;3m[InstanceLoader] [39m[32mAdminModule dependencies initialized[39m[38;5;3m +0ms[39m
[32m[Nest] 37512  - [39m03/21/2026, 4:49:59 PM [32m    LOG[39m [38;5;3m[RoutesResolver] [39m[32mAppController {/api}:[39m[38;5;3m +8ms[39m
[32m[Nest] 37512  - [39m03/21/2026, 4:49:59 PM [32m    LOG[39m [38;5;3m[RouterExplorer] [39m[32mMapped {/api, GET} route[39m[38;5;3m +5ms[39m
[32m[Nest] 37512  - [39m03/21/2026, 4:49:59 PM [32m    LOG[39m [38;5;3m[RouterExplorer] [39m[32mMapped {/api/health, GET} route[39m[38;5;3m +1ms[39m
[32m[Nest] 37512  - [39m03/21/2026, 4:49:59 PM [32m    LOG[39m [38;5;3m[RoutesResolver] [39m[32mAuthController {/api/auth}:[39m[38;5;3m +1ms[39m
[32m[Nest] 37512  - [39m03/21/2026, 4:49:59 PM [32m    LOG[39m [38;5;3m[RouterExplorer] [39m[32mMapped {/api/auth/register, POST} route[39m[38;5;3m +1ms[39m
[32m[Nest] 37512  - [39m03/21/2026, 4:49:59 PM [32m    LOG[39m [38;5;3m[RouterExplorer] [39m[32mMapped {/api/auth/login, POST} route[39m[38;5;3m +0ms[39m
[32m[Nest] 37512  - [39m03/21/2026, 4:49:59 PM [32m    LOG[39m [38;5;3m[RouterExplorer] [39m[32mMapped {/api/auth/session/exchange, POST} route[39m[38;5;3m +1ms[39m
[32m[Nest] 37512  - [39m03/21/2026, 4:49:59 PM [32m    LOG[39m [38;5;3m[RouterExplorer] [39m[32mMapped {/api/auth/me, GET} route[39m[38;5;3m +1ms[39m
[32m[Nest] 37512  - [39m03/21/2026, 4:49:59 PM [32m    LOG[39m [38;5;3m[RoutesResolver] [39m[32mProductsController {/api/products}:[39m[38;5;3m +1ms[39m
[32m[Nest] 37512  - [39m03/21/2026, 4:49:59 PM [32m    LOG[39m [38;5;3m[RouterExplorer] [39m[32mMapped {/api/products, GET} route[39m[38;5;3m +1ms[39m
[32m[Nest] 37512  - [39m03/21/2026, 4:49:59 PM [32m    LOG[39m [38;5;3m[RouterExplorer] [39m[32mMapped {/api/products/featured, GET} route[39m[38;5;3m +0ms[39m
[32m[Nest] 37512  - [39m03/21/2026, 4:49:59 PM [32m    LOG[39m [38;5;3m[RouterExplorer] [39m[32mMapped {/api/products/:slug, GET} route[39m[38;5;3m +5ms[39m
[32m[Nest] 37512  - [39m03/21/2026, 4:49:59 PM [32m    LOG[39m [38;5;3m[RoutesResolver] [39m[32mCartController {/api/cart}:[39m[38;5;3m +1ms[39m
[32m[Nest] 37512  - [39m03/21/2026, 4:49:59 PM [32m    LOG[39m [38;5;3m[RouterExplorer] [39m[32mMapped {/api/cart, GET} route[39m[38;5;3m +1ms[39m
[32m[Nest] 37512  - [39m03/21/2026, 4:49:59 PM [32m    LOG[39m [38;5;3m[RouterExplorer] [39m[32mMapped {/api/cart/items, POST} route[39m[38;5;3m +1ms[39m
[32m[Nest] 37512  - [39m03/21/2026, 4:49:59 PM [32m    LOG[39m [38;5;3m[RouterExplorer] [39m[32mMapped {/api/cart/items/:itemId, PATCH} route[39m[38;5;3m +0ms[39m
[32m[Nest] 37512  - [39m03/21/2026, 4:49:59 PM [32m    LOG[39m [38;5;3m[RouterExplorer] [39m[32mMapped {/api/cart/items/:itemId, DELETE} route[39m[38;5;3m +1ms[39m
[32m[Nest] 37512  - [39m03/21/2026, 4:49:59 PM [32m    LOG[39m [38;5;3m[RouterExplorer] [39m[32mMapped {/api/cart, DELETE} route[39m[38;5;3m +0ms[39m
[32m[Nest] 37512  - [39m03/21/2026, 4:49:59 PM [32m    LOG[39m [38;5;3m[RoutesResolver] [39m[32mCheckoutController {/api/checkout}:[39m[38;5;3m +0ms[39m
[32m[Nest] 37512  - [39m03/21/2026, 4:49:59 PM [32m    LOG[39m [38;5;3m[RouterExplorer] [39m[32mMapped {/api/checkout/session, POST} route[39m[38;5;3m +1ms[39m
[32m[Nest] 37512  - [39m03/21/2026, 4:49:59 PM [32m    LOG[39m [38;5;3m[RouterExplorer] [39m[32mMapped {/api/checkout/stripe/payment-intent, POST} route[39m[38;5;3m +1ms[39m
[32m[Nest] 37512  - [39m03/21/2026, 4:49:59 PM [32m    LOG[39m [38;5;3m[RouterExplorer] [39m[32mMapped {/api/checkout/stripe/confirm, POST} route[39m[38;5;3m +0ms[39m
[32m[Nest] 37512  - [39m03/21/2026, 4:49:59 PM [32m    LOG[39m [38;5;3m[RouterExplorer] [39m[32mMapped {/api/checkout/paypal/order, POST} route[39m[38;5;3m +1ms[39m
[32m[Nest] 37512  - [39m03/21/2026, 4:49:59 PM [32m    LOG[39m [38;5;3m[RouterExplorer] [39m[32mMapped {/api/checkout/paypal/capture, POST} route[39m[38;5;3m +0ms[39m
[32m[Nest] 37512  - [39m03/21/2026, 4:49:59 PM [32m    LOG[39m [38;5;3m[RoutesResolver] [39m[32mAdminController {/api/admin/products}:[39m[38;5;3m +0ms[39m
[32m[Nest] 37512  - [39m03/21/2026, 4:49:59 PM [32m    LOG[39m [38;5;3m[RouterExplorer] [39m[32mMapped {/api/admin/products, POST} route[39m[38;5;3m +1ms[39m
[32m[Nest] 37512  - [39m03/21/2026, 4:49:59 PM [32m    LOG[39m [38;5;3m[RouterExplorer] [39m[32mMapped {/api/admin/products/:id, PATCH} route[39m[38;5;3m +0ms[39m
[32m[Nest] 37512  - [39m03/21/2026, 4:49:59 PM [32m    LOG[39m [38;5;3m[RouterExplorer] [39m[32mMapped {/api/admin/products/:id, DELETE} route[39m[38;5;3m +0ms[39m
[32m[Nest] 37512  - [39m03/21/2026, 4:49:59 PM [32m    LOG[39m [38;5;3m[RouterExplorer] [39m[32mMapped {/api/admin/products/upload, POST} route[39m[38;5;3m +1ms[39m
[32m[Nest] 37512  - [39m03/21/2026, 4:49:59 PM [32m    LOG[39m [38;5;3m[NestApplication] [39m[32mNest application successfully started[39m[38;5;3m +35ms[39m
[2J[3J[H[[90m5:02:47 PM[0m] File change detected. Starting incremental compilation...

[[90m5:02:49 PM[0m] Found 0 errors. Watching for file changes.

[32m[Nest] 37644  - [39m03/21/2026, 5:02:53 PM [32m    LOG[39m [38;5;3m[NestFactory] [39m[32mStarting Nest application...[39m
[32m[Nest] 37644  - [39m03/21/2026, 5:02:53 PM [32m    LOG[39m [38;5;3m[InstanceLoader] [39m[32mPrismaModule dependencies initialized[39m[38;5;3m +40ms[39m
[32m[Nest] 37644  - [39m03/21/2026, 5:02:53 PM [32m    LOG[39m [38;5;3m[InstanceLoader] [39m[32mPassportModule dependencies initialized[39m[38;5;3m +1ms[39m
[32m[Nest] 37644  - [39m03/21/2026, 5:02:53 PM [32m    LOG[39m [38;5;3m[InstanceLoader] [39m[32mConfigHostModule dependencies initialized[39m[38;5;3m +14ms[39m
[32m[Nest] 37644  - [39m03/21/2026, 5:02:53 PM [32m    LOG[39m [38;5;3m[InstanceLoader] [39m[32mJwtModule dependencies initialized[39m[38;5;3m +0ms[39m
[32m[Nest] 37644  - [39m03/21/2026, 5:02:53 PM [32m    LOG[39m [38;5;3m[InstanceLoader] [39m[32mUsersModule dependencies initialized[39m[38;5;3m +1ms[39m
[32m[Nest] 37644  - [39m03/21/2026, 5:02:53 PM [32m    LOG[39m [38;5;3m[InstanceLoader] [39m[32mConfigModule dependencies initialized[39m[38;5;3m +1ms[39m
[32m[Nest] 37644  - [39m03/21/2026, 5:02:53 PM [32m    LOG[39m [38;5;3m[InstanceLoader] [39m[32mProductsModule dependencies initialized[39m[38;5;3m +1ms[39m
[32m[Nest] 37644  - [39m03/21/2026, 5:02:53 PM [32m    LOG[39m [38;5;3m[InstanceLoader] [39m[32mCartModule dependencies initialized[39m[38;5;3m +0ms[39m
[32m[Nest] 37644  - [39m03/21/2026, 5:02:53 PM [32m    LOG[39m [38;5;3m[InstanceLoader] [39m[32mCheckoutModule dependencies initialized[39m[38;5;3m +1ms[39m
[32m[Nest] 37644  - [39m03/21/2026, 5:02:53 PM [32m    LOG[39m [38;5;3m[InstanceLoader] [39m[32mAppModule dependencies initialized[39m[38;5;3m +1ms[39m
[32m[Nest] 37644  - [39m03/21/2026, 5:02:53 PM [32m    LOG[39m [38;5;3m[InstanceLoader] [39m[32mAuthModule dependencies initialized[39m[38;5;3m +0ms[39m
[32m[Nest] 37644  - [39m03/21/2026, 5:02:53 PM [32m    LOG[39m [38;5;3m[InstanceLoader] [39m[32mAdminModule dependencies initialized[39m[38;5;3m +0ms[39m
[32m[Nest] 37644  - [39m03/21/2026, 5:02:53 PM [32m    LOG[39m [38;5;3m[RoutesResolver] [39m[32mAppController {/api}:[39m[38;5;3m +10ms[39m
[32m[Nest] 37644  - [39m03/21/2026, 5:02:53 PM [32m    LOG[39m [38;5;3m[RouterExplorer] [39m[32mMapped {/api, GET} route[39m[38;5;3m +5ms[39m
[32m[Nest] 37644  - [39m03/21/2026, 5:02:53 PM [32m    LOG[39m [38;5;3m[RouterExplorer] [39m[32mMapped {/api/health, GET} route[39m[38;5;3m +1ms[39m
[32m[Nest] 37644  - [39m03/21/2026, 5:02:53 PM [32m    LOG[39m [38;5;3m[RoutesResolver] [39m[32mAuthController {/api/auth}:[39m[38;5;3m +1ms[39m
[32m[Nest] 37644  - [39m03/21/2026, 5:02:53 PM [32m    LOG[39m [38;5;3m[RouterExplorer] [39m[32mMapped {/api/auth/register, POST} route[39m[38;5;3m +1ms[39m
[32m[Nest] 37644  - [39m03/21/2026, 5:02:53 PM [32m    LOG[39m [38;5;3m[RouterExplorer] [39m[32mMapped {/api/auth/login, POST} route[39m[38;5;3m +1ms[39m
[32m[Nest] 37644  - [39m03/21/2026, 5:02:53 PM [32m    LOG[39m [38;5;3m[RouterExplorer] [39m[32mMapped {/api/auth/session/exchange, POST} route[39m[38;5;3m +1ms[39m
[32m[Nest] 37644  - [39m03/21/2026, 5:02:53 PM [32m    LOG[39m [38;5;3m[RouterExplorer] [39m[32mMapped {/api/auth/me, GET} route[39m[38;5;3m +1ms[39m
[32m[Nest] 37644  - [39m03/21/2026, 5:02:53 PM [32m    LOG[39m [38;5;3m[RoutesResolver] [39m[32mProductsController {/api/products}:[39m[38;5;3m +1ms[39m
[32m[Nest] 37644  - [39m03/21/2026, 5:02:53 PM [32m    LOG[39m [38;5;3m[RouterExplorer] [39m[32mMapped {/api/products, GET} route[39m[38;5;3m +1ms[39m
[32m[Nest] 37644  - [39m03/21/2026, 5:02:53 PM [32m    LOG[39m [38;5;3m[RouterExplorer] [39m[32mMapped {/api/products/featured, GET} route[39m[38;5;3m +0ms[39m
[32m[Nest] 37644  - [39m03/21/2026, 5:02:53 PM [32m    LOG[39m [38;5;3m[RouterExplorer] [39m[32mMapped {/api/products/:slug, GET} route[39m[38;5;3m +2ms[39m
[32m[Nest] 37644  - [39m03/21/2026, 5:02:53 PM [32m    LOG[39m [38;5;3m[RoutesResolver] [39m[32mCartController {/api/cart}:[39m[38;5;3m +0ms[39m
[32m[Nest] 37644  - [39m03/21/2026, 5:02:53 PM [32m    LOG[39m [38;5;3m[RouterExplorer] [39m[32mMapped {/api/cart, GET} route[39m[38;5;3m +1ms[39m
[32m[Nest] 37644  - [39m03/21/2026, 5:02:53 PM [32m    LOG[39m [38;5;3m[RouterExplorer] [39m[32mMapped {/api/cart/items, POST} route[39m[38;5;3m +1ms[39m
[32m[Nest] 37644  - [39m03/21/2026, 5:02:53 PM [32m    LOG[39m [38;5;3m[RouterExplorer] [39m[32mMapped {/api/cart/items/:itemId, PATCH} route[39m[38;5;3m +0ms[39m
[32m[Nest] 37644  - [39m03/21/2026, 5:02:53 PM [32m    LOG[39m [38;5;3m[RouterExplorer] [39m[32mMapped {/api/cart/items/:itemId, DELETE} route[39m[38;5;3m +1ms[39m
[32m[Nest] 37644  - [39m03/21/2026, 5:02:53 PM [32m    LOG[39m [38;5;3m[RouterExplorer] [39m[32mMapped {/api/cart, DELETE} route[39m[38;5;3m +1ms[39m
[32m[Nest] 37644  - [39m03/21/2026, 5:02:53 PM [32m    LOG[39m [38;5;3m[RoutesResolver] [39m[32mCheckoutController {/api/checkout}:[39m[38;5;3m +0ms[39m
[32m[Nest] 37644  - [39m03/21/2026, 5:02:53 PM [32m    LOG[39m [38;5;3m[RouterExplorer] [39m[32mMapped {/api/checkout/session, POST} route[39m[38;5;3m +1ms[39m
[32m[Nest] 37644  - [39m03/21/2026, 5:02:53 PM [32m    LOG[39m [38;5;3m[RouterExplorer] [39m[32mMapped {/api/checkout/stripe/payment-intent, POST} route[39m[38;5;3m +0ms[39m
[32m[Nest] 37644  - [39m03/21/2026, 5:02:53 PM [32m    LOG[39m [38;5;3m[RouterExplorer] [39m[32mMapped {/api/checkout/stripe/confirm, POST} route[39m[38;5;3m +1ms[39m
[32m[Nest] 37644  - [39m03/21/2026, 5:02:53 PM [32m    LOG[39m [38;5;3m[RouterExplorer] [39m[32mMapped {/api/checkout/paypal/order, POST} route[39m[38;5;3m +0ms[39m
[32m[Nest] 37644  - [39m03/21/2026, 5:02:53 PM [32m    LOG[39m [38;5;3m[RouterExplorer] [39m[32mMapped {/api/checkout/paypal/capture, POST} route[39m[38;5;3m +1ms[39m
[32m[Nest] 37644  - [39m03/21/2026, 5:02:53 PM [32m    LOG[39m [38;5;3m[RoutesResolver] [39m[32mAdminController {/api/admin/products}:[39m[38;5;3m +0ms[39m
[32m[Nest] 37644  - [39m03/21/2026, 5:02:53 PM [32m    LOG[39m [38;5;3m[RouterExplorer] [39m[32mMapped {/api/admin/products, POST} route[39m[38;5;3m +1ms[39m
[32m[Nest] 37644  - [39m03/21/2026, 5:02:53 PM [32m    LOG[39m [38;5;3m[RouterExplorer] [39m[32mMapped {/api/admin/products/:id, PATCH} route[39m[38;5;3m +0ms[39m
[32m[Nest] 37644  - [39m03/21/2026, 5:02:53 PM [32m    LOG[39m [38;5;3m[RouterExplorer] [39m[32mMapped {/api/admin/products/:id, DELETE} route[39m[38;5;3m +1ms[39m
[32m[Nest] 37644  - [39m03/21/2026, 5:02:53 PM [32m    LOG[39m [38;5;3m[RouterExplorer] [39m[32mMapped {/api/admin/products/upload, POST} route[39m[38;5;3m +1ms[39m
[32m[Nest] 37644  - [39m03/21/2026, 5:02:53 PM [32m    LOG[39m [38;5;3m[NestApplication] [39m[32mNest application successfully started[39m[38;5;3m +69ms[39m
[2J[3J[H[[90m5:09:58 PM[0m] File change detected. Starting incremental compilation...

[[90m5:10:00 PM[0m] Found 0 errors. Watching for file changes.

[32m[Nest] 17388  - [39m03/21/2026, 5:10:02 PM [32m    LOG[39m [38;5;3m[NestFactory] [39m[32mStarting Nest application...[39m
[32m[Nest] 17388  - [39m03/21/2026, 5:10:02 PM [32m    LOG[39m [38;5;3m[InstanceLoader] [39m[32mPrismaModule dependencies initialized[39m[38;5;3m +34ms[39m
[32m[Nest] 17388  - [39m03/21/2026, 5:10:02 PM [32m    LOG[39m [38;5;3m[InstanceLoader] [39m[32mPassportModule dependencies initialized[39m[38;5;3m +1ms[39m
[32m[Nest] 17388  - [39m03/21/2026, 5:10:02 PM [32m    LOG[39m [38;5;3m[InstanceLoader] [39m[32mConfigHostModule dependencies initialized[39m[38;5;3m +3ms[39m
[32m[Nest] 17388  - [39m03/21/2026, 5:10:02 PM [32m    LOG[39m [38;5;3m[InstanceLoader] [39m[32mJwtModule dependencies initialized[39m[38;5;3m +1ms[39m
[32m[Nest] 17388  - [39m03/21/2026, 5:10:02 PM [32m    LOG[39m [38;5;3m[InstanceLoader] [39m[32mUsersModule dependencies initialized[39m[38;5;3m +1ms[39m
[32m[Nest] 17388  - [39m03/21/2026, 5:10:02 PM [32m    LOG[39m [38;5;3m[InstanceLoader] [39m[32mConfigModule dependencies initialized[39m[38;5;3m +1ms[39m
[32m[Nest] 17388  - [39m03/21/2026, 5:10:02 PM [32m    LOG[39m [38;5;3m[InstanceLoader] [39m[32mProductsModule dependencies initialized[39m[38;5;3m +1ms[39m
[32m[Nest] 17388  - [39m03/21/2026, 5:10:02 PM [32m    LOG[39m [38;5;3m[InstanceLoader] [39m[32mCartModule dependencies initialized[39m[38;5;3m +0ms[39m
[32m[Nest] 17388  - [39m03/21/2026, 5:10:02 PM [32m    LOG[39m [38;5;3m[InstanceLoader] [39m[32mCheckoutModule dependencies initialized[39m[38;5;3m +1ms[39m
[32m[Nest] 17388  - [39m03/21/2026, 5:10:02 PM [32m    LOG[39m [38;5;3m[InstanceLoader] [39m[32mAppModule dependencies initialized[39m[38;5;3m +0ms[39m
[32m[Nest] 17388  - [39m03/21/2026, 5:10:02 PM [32m    LOG[39m [38;5;3m[InstanceLoader] [39m[32mAuthModule dependencies initialized[39m[38;5;3m +1ms[39m
[32m[Nest] 17388  - [39m03/21/2026, 5:10:02 PM [32m    LOG[39m [38;5;3m[InstanceLoader] [39m[32mAdminModule dependencies initialized[39m[38;5;3m +0ms[39m
[32m[Nest] 17388  - [39m03/21/2026, 5:10:02 PM [32m    LOG[39m [38;5;3m[RoutesResolver] [39m[32mAppController {/api}:[39m[38;5;3m +7ms[39m
[32m[Nest] 17388  - [39m03/21/2026, 5:10:02 PM [32m    LOG[39m [38;5;3m[RouterExplorer] [39m[32mMapped {/api, GET} route[39m[38;5;3m +3ms[39m
[32m[Nest] 17388  - [39m03/21/2026, 5:10:02 PM [32m    LOG[39m [38;5;3m[RouterExplorer] [39m[32mMapped {/api/health, GET} route[39m[38;5;3m +2ms[39m
[32m[Nest] 17388  - [39m03/21/2026, 5:10:02 PM [32m    LOG[39m [38;5;3m[RoutesResolver] [39m[32mAuthController {/api/auth}:[39m[38;5;3m +0ms[39m
[32m[Nest] 17388  - [39m03/21/2026, 5:10:02 PM [32m    LOG[39m [38;5;3m[RouterExplorer] [39m[32mMapped {/api/auth/register, POST} route[39m[38;5;3m +1ms[39m
[32m[Nest] 17388  - [39m03/21/2026, 5:10:02 PM [32m    LOG[39m [38;5;3m[RouterExplorer] [39m[32mMapped {/api/auth/login, POST} route[39m[38;5;3m +1ms[39m
[32m[Nest] 17388  - [39m03/21/2026, 5:10:02 PM [32m    LOG[39m [38;5;3m[RouterExplorer] [39m[32mMapped {/api/auth/session/exchange, POST} route[39m[38;5;3m +1ms[39m
[32m[Nest] 17388  - [39m03/21/2026, 5:10:02 PM [32m    LOG[39m [38;5;3m[RouterExplorer] [39m[32mMapped {/api/auth/me, GET} route[39m[38;5;3m +0ms[39m
[32m[Nest] 17388  - [39m03/21/2026, 5:10:02 PM [32m    LOG[39m [38;5;3m[RoutesResolver] [39m[32mProductsController {/api/products}:[39m[38;5;3m +1ms[39m
[32m[Nest] 17388  - [39m03/21/2026, 5:10:02 PM [32m    LOG[39m [38;5;3m[RouterExplorer] [39m[32mMapped {/api/products, GET} route[39m[38;5;3m +0ms[39m
[32m[Nest] 17388  - [39m03/21/2026, 5:10:02 PM [32m    LOG[39m [38;5;3m[RouterExplorer] [39m[32mMapped {/api/products/featured, GET} route[39m[38;5;3m +1ms[39m
[32m[Nest] 17388  - [39m03/21/2026, 5:10:02 PM [32m    LOG[39m [38;5;3m[RouterExplorer] [39m[32mMapped {/api/products/:slug, GET} route[39m[38;5;3m +1ms[39m
[32m[Nest] 17388  - [39m03/21/2026, 5:10:02 PM [32m    LOG[39m [38;5;3m[RoutesResolver] [39m[32mCartController {/api/cart}:[39m[38;5;3m +0ms[39m
[32m[Nest] 17388  - [39m03/21/2026, 5:10:02 PM [32m    LOG[39m [38;5;3m[RouterExplorer] [39m[32mMapped {/api/cart, GET} route[39m[38;5;3m +1ms[39m
[32m[Nest] 17388  - [39m03/21/2026, 5:10:02 PM [32m    LOG[39m [38;5;3m[RouterExplorer] [39m[32mMapped {/api/cart/items, POST} route[39m[38;5;3m +1ms[39m
[32m[Nest] 17388  - [39m03/21/2026, 5:10:02 PM [32m    LOG[39m [38;5;3m[RouterExplorer] [39m[32mMapped {/api/cart/items/:itemId, PATCH} route[39m[38;5;3m +1ms[39m
[32m[Nest] 17388  - [39m03/21/2026, 5:10:02 PM [32m    LOG[39m [38;5;3m[RouterExplorer] [39m[32mMapped {/api/cart/items/:itemId, DELETE} route[39m[38;5;3m +0ms[39m
[32m[Nest] 17388  - [39m03/21/2026, 5:10:02 PM [32m    LOG[39m [38;5;3m[RouterExplorer] [39m[32mMapped {/api/cart, DELETE} route[39m[38;5;3m +1ms[39m
[32m[Nest] 17388  - [39m03/21/2026, 5:10:02 PM [32m    LOG[39m [38;5;3m[RoutesResolver] [39m[32mCheckoutController {/api/checkout}:[39m[38;5;3m +0ms[39m
[32m[Nest] 17388  - [39m03/21/2026, 5:10:02 PM [32m    LOG[39m [38;5;3m[RouterExplorer] [39m[32mMapped {/api/checkout/session, POST} route[39m[38;5;3m +1ms[39m
[32m[Nest] 17388  - [39m03/21/2026, 5:10:02 PM [32m    LOG[39m [38;5;3m[RouterExplorer] [39m[32mMapped {/api/checkout/stripe/payment-intent, POST} route[39m[38;5;3m +0ms[39m
[32m[Nest] 17388  - [39m03/21/2026, 5:10:02 PM [32m    LOG[39m [38;5;3m[RouterExplorer] [39m[32mMapped {/api/checkout/stripe/confirm, POST} route[39m[38;5;3m +1ms[39m
[32m[Nest] 17388  - [39m03/21/2026, 5:10:02 PM [32m    LOG[39m [38;5;3m[RouterExplorer] [39m[32mMapped {/api/checkout/paypal/order, POST} route[39m[38;5;3m +0ms[39m
[32m[Nest] 17388  - [39m03/21/2026, 5:10:02 PM [32m    LOG[39m [38;5;3m[RouterExplorer] [39m[32mMapped {/api/checkout/paypal/capture, POST} route[39m[38;5;3m +0ms[39m
[32m[Nest] 17388  - [39m03/21/2026, 5:10:02 PM [32m    LOG[39m [38;5;3m[RoutesResolver] [39m[32mAdminController {/api/admin/products}:[39m[38;5;3m +1ms[39m
[32m[Nest] 17388  - [39m03/21/2026, 5:10:02 PM [32m    LOG[39m [38;5;3m[RouterExplorer] [39m[32mMapped {/api/admin/products, POST} route[39m[38;5;3m +0ms[39m
[32m[Nest] 17388  - [39m03/21/2026, 5:10:02 PM [32m    LOG[39m [38;5;3m[RouterExplorer] [39m[32mMapped {/api/admin/products/:id, PATCH} route[39m[38;5;3m +1ms[39m
[32m[Nest] 17388  - [39m03/21/2026, 5:10:02 PM [32m    LOG[39m [38;5;3m[RouterExplorer] [39m[32mMapped {/api/admin/products/:id, DELETE} route[39m[38;5;3m +0ms[39m
[32m[Nest] 17388  - [39m03/21/2026, 5:10:02 PM [32m    LOG[39m [38;5;3m[RouterExplorer] [39m[32mMapped {/api/admin/products/upload, POST} route[39m[38;5;3m +1ms[39m
[32m[Nest] 17388  - [39m03/21/2026, 5:10:03 PM [32m    LOG[39m [38;5;3m[NestApplication] [39m[32mNest application successfully started[39m[38;5;3m +42ms[39m
[2J[3J[H[[90m5:11:12 PM[0m] File change detected. Starting incremental compilation...

[[90m5:11:13 PM[0m] Found 0 errors. Watching for file changes.

[32m[Nest] 34868  - [39m03/21/2026, 5:11:17 PM [32m    LOG[39m [38;5;3m[NestFactory] [39m[32mStarting Nest application...[39m
[32m[Nest] 34868  - [39m03/21/2026, 5:11:17 PM [32m    LOG[39m [38;5;3m[InstanceLoader] [39m[32mPrismaModule dependencies initialized[39m[38;5;3m +39ms[39m
[32m[Nest] 34868  - [39m03/21/2026, 5:11:17 PM [32m    LOG[39m [38;5;3m[InstanceLoader] [39m[32mPassportModule dependencies initialized[39m[38;5;3m +1ms[39m
[32m[Nest] 34868  - [39m03/21/2026, 5:11:17 PM [32m    LOG[39m [38;5;3m[InstanceLoader] [39m[32mConfigHostModule dependencies initialized[39m[38;5;3m +5ms[39m
[32m[Nest] 34868  - [39m03/21/2026, 5:11:17 PM [32m    LOG[39m [38;5;3m[InstanceLoader] [39m[32mJwtModule dependencies initialized[39m[38;5;3m +1ms[39m
[32m[Nest] 34868  - [39m03/21/2026, 5:11:17 PM [32m    LOG[39m [38;5;3m[InstanceLoader] [39m[32mUsersModule dependencies initialized[39m[38;5;3m +1ms[39m
[32m[Nest] 34868  - [39m03/21/2026, 5:11:17 PM [32m    LOG[39m [38;5;3m[InstanceLoader] [39m[32mConfigModule dependencies initialized[39m[38;5;3m +1ms[39m
[32m[Nest] 34868  - [39m03/21/2026, 5:11:17 PM [32m    LOG[39m [38;5;3m[InstanceLoader] [39m[32mProductsModule dependencies initialized[39m[38;5;3m +1ms[39m
[32m[Nest] 34868  - [39m03/21/2026, 5:11:17 PM [32m    LOG[39m [38;5;3m[InstanceLoader] [39m[32mCartModule dependencies initialized[39m[38;5;3m +0ms[39m
[32m[Nest] 34868  - [39m03/21/2026, 5:11:17 PM [32m    LOG[39m [38;5;3m[InstanceLoader] [39m[32mCheckoutModule dependencies initialized[39m[38;5;3m +1ms[39m
[32m[Nest] 34868  - [39m03/21/2026, 5:11:17 PM [32m    LOG[39m [38;5;3m[InstanceLoader] [39m[32mAppModule dependencies initialized[39m[38;5;3m +1ms[39m
[32m[Nest] 34868  - [39m03/21/2026, 5:11:17 PM [32m    LOG[39m [38;5;3m[InstanceLoader] [39m[32mAuthModule dependencies initialized[39m[38;5;3m +0ms[39m
[32m[Nest] 34868  - [39m03/21/2026, 5:11:17 PM [32m    LOG[39m [38;5;3m[InstanceLoader] [39m[32mAdminModule dependencies initialized[39m[38;5;3m +0ms[39m
[32m[Nest] 34868  - [39m03/21/2026, 5:11:17 PM [32m    LOG[39m [38;5;3m[RoutesResolver] [39m[32mAppController {/api}:[39m[38;5;3m +10ms[39m
[32m[Nest] 34868  - [39m03/21/2026, 5:11:17 PM [32m    LOG[39m [38;5;3m[RouterExplorer] [39m[32mMapped {/api, GET} route[39m[38;5;3m +4ms[39m
[32m[Nest] 34868  - [39m03/21/2026, 5:11:17 PM [32m    LOG[39m [38;5;3m[RouterExplorer] [39m[32mMapped {/api/health, GET} route[39m[38;5;3m +1ms[39m
[32m[Nest] 34868  - [39m03/21/2026, 5:11:17 PM [32m    LOG[39m [38;5;3m[RoutesResolver] [39m[32mAuthController {/api/auth}:[39m[38;5;3m +0ms[39m
[32m[Nest] 34868  - [39m03/21/2026, 5:11:17 PM [32m    LOG[39m [38;5;3m[RouterExplorer] [39m[32mMapped {/api/auth/register, POST} route[39m[38;5;3m +1ms[39m
[32m[Nest] 34868  - [39m03/21/2026, 5:11:17 PM [32m    LOG[39m [38;5;3m[RouterExplorer] [39m[32mMapped {/api/auth/login, POST} route[39m[38;5;3m +1ms[39m
[32m[Nest] 34868  - [39m03/21/2026, 5:11:17 PM [32m    LOG[39m [38;5;3m[RouterExplorer] [39m[32mMapped {/api/auth/session/exchange, POST} route[39m[38;5;3m +0ms[39m
[32m[Nest] 34868  - [39m03/21/2026, 5:11:17 PM [32m    LOG[39m [38;5;3m[RouterExplorer] [39m[32mMapped {/api/auth/me, GET} route[39m[38;5;3m +1ms[39m
[32m[Nest] 34868  - [39m03/21/2026, 5:11:17 PM [32m    LOG[39m [38;5;3m[RoutesResolver] [39m[32mProductsController {/api/products}:[39m[38;5;3m +1ms[39m
[32m[Nest] 34868  - [39m03/21/2026, 5:11:17 PM [32m    LOG[39m [38;5;3m[RouterExplorer] [39m[32mMapped {/api/products, GET} route[39m[38;5;3m +0ms[39m
[32m[Nest] 34868  - [39m03/21/2026, 5:11:17 PM [32m    LOG[39m [38;5;3m[RouterExplorer] [39m[32mMapped {/api/products/featured, GET} route[39m[38;5;3m +1ms[39m
[32m[Nest] 34868  - [39m03/21/2026, 5:11:17 PM [32m    LOG[39m [38;5;3m[RouterExplorer] [39m[32mMapped {/api/products/:slug, GET} route[39m[38;5;3m +1ms[39m
[32m[Nest] 34868  - [39m03/21/2026, 5:11:17 PM [32m    LOG[39m [38;5;3m[RoutesResolver] [39m[32mCartController {/api/cart}:[39m[38;5;3m +1ms[39m
[32m[Nest] 34868  - [39m03/21/2026, 5:11:17 PM [32m    LOG[39m [38;5;3m[RouterExplorer] [39m[32mMapped {/api/cart, GET} route[39m[38;5;3m +1ms[39m
[32m[Nest] 34868  - [39m03/21/2026, 5:11:17 PM [32m    LOG[39m [38;5;3m[RouterExplorer] [39m[32mMapped {/api/cart/items, POST} route[39m[38;5;3m +1ms[39m
[32m[Nest] 34868  - [39m03/21/2026, 5:11:17 PM [32m    LOG[39m [38;5;3m[RouterExplorer] [39m[32mMapped {/api/cart/items/:itemId, PATCH} route[39m[38;5;3m +0ms[39m
[32m[Nest] 34868  - [39m03/21/2026, 5:11:17 PM [32m    LOG[39m [38;5;3m[RouterExplorer] [39m[32mMapped {/api/cart/items/:itemId, DELETE} route[39m[38;5;3m +1ms[39m
[32m[Nest] 34868  - [39m03/21/2026, 5:11:17 PM [32m    LOG[39m [38;5;3m[RouterExplorer] [39m[32mMapped {/api/cart, DELETE} route[39m[38;5;3m +1ms[39m
[32m[Nest] 34868  - [39m03/21/2026, 5:11:17 PM [32m    LOG[39m [38;5;3m[RoutesResolver] [39m[32mCheckoutController {/api/checkout}:[39m[38;5;3m +0ms[39m
[32m[Nest] 34868  - [39m03/21/2026, 5:11:17 PM [32m    LOG[39m [38;5;3m[RouterExplorer] [39m[32mMapped {/api/checkout/session, POST} route[39m[38;5;3m +1ms[39m
[32m[Nest] 34868  - [39m03/21/2026, 5:11:17 PM [32m    LOG[39m [38;5;3m[RouterExplorer] [39m[32mMapped {/api/checkout/stripe/payment-intent, POST} route[39m[38;5;3m +0ms[39m
[32m[Nest] 34868  - [39m03/21/2026, 5:11:17 PM [32m    LOG[39m [38;5;3m[RouterExplorer] [39m[32mMapped {/api/checkout/stripe/confirm, POST} route[39m[38;5;3m +1ms[39m
[32m[Nest] 34868  - [39m03/21/2026, 5:11:17 PM [32m    LOG[39m [38;5;3m[RouterExplorer] [39m[32mMapped {/api/checkout/paypal/order, POST} route[39m[38;5;3m +1ms[39m
[32m[Nest] 34868  - [39m03/21/2026, 5:11:17 PM [32m    LOG[39m [38;5;3m[RouterExplorer] [39m[32mMapped {/api/checkout/paypal/capture, POST} route[39m[38;5;3m +0ms[39m
[32m[Nest] 34868  - [39m03/21/2026, 5:11:17 PM [32m    LOG[39m [38;5;3m[RoutesResolver] [39m[32mAdminController {/api/admin/products}:[39m[38;5;3m +0ms[39m
[32m[Nest] 34868  - [39m03/21/2026, 5:11:17 PM [32m    LOG[39m [38;5;3m[RouterExplorer] [39m[32mMapped {/api/admin/products, POST} route[39m[38;5;3m +1ms[39m
[32m[Nest] 34868  - [39m03/21/2026, 5:11:17 PM [32m    LOG[39m [38;5;3m[RouterExplorer] [39m[32mMapped {/api/admin/products/:id, PATCH} route[39m[38;5;3m +1ms[39m
[32m[Nest] 34868  - [39m03/21/2026, 5:11:17 PM [32m    LOG[39m [38;5;3m[RouterExplorer] [39m[32mMapped {/api/admin/products/:id, DELETE} route[39m[38;5;3m +0ms[39m
[32m[Nest] 34868  - [39m03/21/2026, 5:11:17 PM [32m    LOG[39m [38;5;3m[RouterExplorer] [39m[32mMapped {/api/admin/products/upload, POST} route[39m[38;5;3m +1ms[39m
[32m[Nest] 34868  - [39m03/21/2026, 5:11:17 PM [32m    LOG[39m [38;5;3m[NestApplication] [39m[32mNest application successfully started[39m[38;5;3m +42ms[39m
[2J[3J[H[[90m5:12:47 PM[0m] File change detected. Starting incremental compilation...

[[90m5:12:48 PM[0m] Found 0 errors. Watching for file changes.

[32m[Nest] 42296  - [39m03/21/2026, 5:12:50 PM [32m    LOG[39m [38;5;3m[NestFactory] [39m[32mStarting Nest application...[39m
[32m[Nest] 42296  - [39m03/21/2026, 5:12:50 PM [32m    LOG[39m [38;5;3m[InstanceLoader] [39m[32mPrismaModule dependencies initialized[39m[38;5;3m +55ms[39m
[32m[Nest] 42296  - [39m03/21/2026, 5:12:50 PM [32m    LOG[39m [38;5;3m[InstanceLoader] [39m[32mPassportModule dependencies initialized[39m[38;5;3m +1ms[39m
[32m[Nest] 42296  - [39m03/21/2026, 5:12:50 PM [32m    LOG[39m [38;5;3m[InstanceLoader] [39m[32mConfigHostModule dependencies initialized[39m[38;5;3m +5ms[39m
[32m[Nest] 42296  - [39m03/21/2026, 5:12:50 PM [32m    LOG[39m [38;5;3m[InstanceLoader] [39m[32mJwtModule dependencies initialized[39m[38;5;3m +0ms[39m
[32m[Nest] 42296  - [39m03/21/2026, 5:12:50 PM [32m    LOG[39m [38;5;3m[InstanceLoader] [39m[32mUsersModule dependencies initialized[39m[38;5;3m +1ms[39m
[32m[Nest] 42296  - [39m03/21/2026, 5:12:50 PM [32m    LOG[39m [38;5;3m[InstanceLoader] [39m[32mConfigModule dependencies initialized[39m[38;5;3m +1ms[39m
[32m[Nest] 42296  - [39m03/21/2026, 5:12:50 PM [32m    LOG[39m [38;5;3m[InstanceLoader] [39m[32mProductsModule dependencies initialized[39m[38;5;3m +1ms[39m
[32m[Nest] 42296  - [39m03/21/2026, 5:12:50 PM [32m    LOG[39m [38;5;3m[InstanceLoader] [39m[32mCartModule dependencies initialized[39m[38;5;3m +2ms[39m
[32m[Nest] 42296  - [39m03/21/2026, 5:12:50 PM [32m    LOG[39m [38;5;3m[InstanceLoader] [39m[32mCheckoutModule dependencies initialized[39m[38;5;3m +0ms[39m
[32m[Nest] 42296  - [39m03/21/2026, 5:12:50 PM [32m    LOG[39m [38;5;3m[InstanceLoader] [39m[32mAppModule dependencies initialized[39m[38;5;3m +1ms[39m
[32m[Nest] 42296  - [39m03/21/2026, 5:12:50 PM [32m    LOG[39m [38;5;3m[InstanceLoader] [39m[32mAuthModule dependencies initialized[39m[38;5;3m +0ms[39m
[32m[Nest] 42296  - [39m03/21/2026, 5:12:50 PM [32m    LOG[39m [38;5;3m[InstanceLoader] [39m[32mAdminModule dependencies initialized[39m[38;5;3m +0ms[39m
[32m[Nest] 42296  - [39m03/21/2026, 5:12:50 PM [32m    LOG[39m [38;5;3m[RoutesResolver] [39m[32mAppController {/api}:[39m[38;5;3m +8ms[39m
[32m[Nest] 42296  - [39m03/21/2026, 5:12:50 PM [32m    LOG[39m [38;5;3m[RouterExplorer] [39m[32mMapped {/api, GET} route[39m[38;5;3m +3ms[39m
[32m[Nest] 42296  - [39m03/21/2026, 5:12:50 PM [32m    LOG[39m [38;5;3m[RouterExplorer] [39m[32mMapped {/api/health, GET} route[39m[38;5;3m +1ms[39m
[32m[Nest] 42296  - [39m03/21/2026, 5:12:50 PM [32m    LOG[39m [38;5;3m[RoutesResolver] [39m[32mAuthController {/api/auth}:[39m[38;5;3m +1ms[39m
[32m[Nest] 42296  - [39m03/21/2026, 5:12:50 PM [32m    LOG[39m [38;5;3m[RouterExplorer] [39m[32mMapped {/api/auth/register, POST} route[39m[38;5;3m +1ms[39m
[32m[Nest] 42296  - [39m03/21/2026, 5:12:50 PM [32m    LOG[39m [38;5;3m[RouterExplorer] [39m[32mMapped {/api/auth/login, POST} route[39m[38;5;3m +0ms[39m
[32m[Nest] 42296  - [39m03/21/2026, 5:12:50 PM [32m    LOG[39m [38;5;3m[RouterExplorer] [39m[32mMapped {/api/auth/session/exchange, POST} route[39m[38;5;3m +1ms[39m
[32m[Nest] 42296  - [39m03/21/2026, 5:12:50 PM [32m    LOG[39m [38;5;3m[RouterExplorer] [39m[32mMapped {/api/auth/me, GET} route[39m[38;5;3m +1ms[39m
[32m[Nest] 42296  - [39m03/21/2026, 5:12:50 PM [32m    LOG[39m [38;5;3m[RoutesResolver] [39m[32mProductsController {/api/products}:[39m[38;5;3m +1ms[39m
[32m[Nest] 42296  - [39m03/21/2026, 5:12:50 PM [32m    LOG[39m [38;5;3m[RouterExplorer] [39m[32mMapped {/api/products, GET} route[39m[38;5;3m +1ms[39m
[32m[Nest] 42296  - [39m03/21/2026, 5:12:50 PM [32m    LOG[39m [38;5;3m[RouterExplorer] [39m[32mMapped {/api/products/featured, GET} route[39m[38;5;3m +0ms[39m
[32m[Nest] 42296  - [39m03/21/2026, 5:12:50 PM [32m    LOG[39m [38;5;3m[RouterExplorer] [39m[32mMapped {/api/products/:slug, GET} route[39m[38;5;3m +1ms[39m
[32m[Nest] 42296  - [39m03/21/2026, 5:12:50 PM [32m    LOG[39m [38;5;3m[RoutesResolver] [39m[32mCartController {/api/cart}:[39m[38;5;3m +1ms[39m
[32m[Nest] 42296  - [39m03/21/2026, 5:12:50 PM [32m    LOG[39m [38;5;3m[RouterExplorer] [39m[32mMapped {/api/cart, GET} route[39m[38;5;3m +1ms[39m
[32m[Nest] 42296  - [39m03/21/2026, 5:12:50 PM [32m    LOG[39m [38;5;3m[RouterExplorer] [39m[32mMapped {/api/cart/items, POST} route[39m[38;5;3m +0ms[39m
[32m[Nest] 42296  - [39m03/21/2026, 5:12:50 PM [32m    LOG[39m [38;5;3m[RouterExplorer] [39m[32mMapped {/api/cart/items/:itemId, PATCH} route[39m[38;5;3m +1ms[39m
[32m[Nest] 42296  - [39m03/21/2026, 5:12:50 PM [32m    LOG[39m [38;5;3m[RouterExplorer] [39m[32mMapped {/api/cart/items/:itemId, DELETE} route[39m[38;5;3m +0ms[39m
[32m[Nest] 42296  - [39m03/21/2026, 5:12:50 PM [32m    LOG[39m [38;5;3m[RouterExplorer] [39m[32mMapped {/api/cart, DELETE} route[39m[38;5;3m +1ms[39m
[32m[Nest] 42296  - [39m03/21/2026, 5:12:50 PM [32m    LOG[39m [38;5;3m[RoutesResolver] [39m[32mCheckoutController {/api/checkout}:[39m[38;5;3m +0ms[39m
[32m[Nest] 42296  - [39m03/21/2026, 5:12:50 PM [32m    LOG[39m [38;5;3m[RouterExplorer] [39m[32mMapped {/api/checkout/session, POST} route[39m[38;5;3m +1ms[39m
[32m[Nest] 42296  - [39m03/21/2026, 5:12:50 PM [32m    LOG[39m [38;5;3m[RouterExplorer] [39m[32mMapped {/api/checkout/stripe/payment-intent, POST} route[39m[38;5;3m +3ms[39m
[32m[Nest] 42296  - [39m03/21/2026, 5:12:50 PM [32m    LOG[39m [38;5;3m[RouterExplorer] [39m[32mMapped {/api/checkout/stripe/confirm, POST} route[39m[38;5;3m +1ms[39m
[32m[Nest] 42296  - [39m03/21/2026, 5:12:50 PM [32m    LOG[39m [38;5;3m[RouterExplorer] [39m[32mMapped {/api/checkout/paypal/order, POST} route[39m[38;5;3m +1ms[39m
[32m[Nest] 42296  - [39m03/21/2026, 5:12:50 PM [32m    LOG[39m [38;5;3m[RouterExplorer] [39m[32mMapped {/api/checkout/paypal/capture, POST} route[39m[38;5;3m +0ms[39m
[32m[Nest] 42296  - [39m03/21/2026, 5:12:50 PM [32m    LOG[39m [38;5;3m[RoutesResolver] [39m[32mAdminController {/api/admin/products}:[39m[38;5;3m +0ms[39m
[32m[Nest] 42296  - [39m03/21/2026, 5:12:50 PM [32m    LOG[39m [38;5;3m[RouterExplorer] [39m[32mMapped {/api/admin/products, POST} route[39m[38;5;3m +1ms[39m
[32m[Nest] 42296  - [39m03/21/2026, 5:12:50 PM [32m    LOG[39m [38;5;3m[RouterExplorer] [39m[32mMapped {/api/admin/products/:id, PATCH} route[39m[38;5;3m +0ms[39m
[32m[Nest] 42296  - [39m03/21/2026, 5:12:50 PM [32m    LOG[39m [38;5;3m[RouterExplorer] [39m[32mMapped {/api/admin/products/:id, DELETE} route[39m[38;5;3m +0ms[39m
[32m[Nest] 42296  - [39m03/21/2026, 5:12:50 PM [32m    LOG[39m [38;5;3m[RouterExplorer] [39m[32mMapped {/api/admin/products/upload, POST} route[39m[38;5;3m +1ms[39m
[32m[Nest] 42296  - [39m03/21/2026, 5:12:50 PM [32m    LOG[39m [38;5;3m[NestApplication] [39m[32mNest application successfully started[39m[38;5;3m +37ms[39m
[2J[3J[H[[90m5:57:24 PM[0m] File change detected. Starting incremental compilation...

[[90m5:57:27 PM[0m] Found 0 errors. Watching for file changes.

[2J[3J[H[[90m5:57:28 PM[0m] File change detected. Starting incremental compilation...

[[90m5:57:30 PM[0m] Found 0 errors. Watching for file changes.

[2J[3J[H[[90m5:57:30 PM[0m] File change detected. Starting incremental compilation...

[[90m5:57:32 PM[0m] Found 0 errors. Watching for file changes.

[2J[3J[H[[90m5:57:32 PM[0m] File change detected. Starting incremental compilation...

[[90m5:57:34 PM[0m] Found 0 errors. Watching for file changes.

[2J[3J[H[[90m5:57:37 PM[0m] File change detected. Starting incremental compilation...

[[90m5:57:38 PM[0m] Found 0 errors. Watching for file changes.

[2J[3J[H[[90m5:57:38 PM[0m] File change detected. Starting incremental compilation...

[[90m5:57:39 PM[0m] Found 0 errors. Watching for file changes.

[32m[Nest] 23640  - [39m03/21/2026, 5:57:43 PM [32m    LOG[39m [38;5;3m[NestFactory] [39m[32mStarting Nest application...[39m
[32m[Nest] 23640  - [39m03/21/2026, 5:57:43 PM [32m    LOG[39m [38;5;3m[InstanceLoader] [39m[32mPrismaModule dependencies initialized[39m[38;5;3m +56ms[39m
[32m[Nest] 23640  - [39m03/21/2026, 5:57:43 PM [32m    LOG[39m [38;5;3m[InstanceLoader] [39m[32mPassportModule dependencies initialized[39m[38;5;3m +1ms[39m
[32m[Nest] 23640  - [39m03/21/2026, 5:57:43 PM [32m    LOG[39m [38;5;3m[InstanceLoader] [39m[32mConfigHostModule dependencies initialized[39m[38;5;3m +17ms[39m
[32m[Nest] 23640  - [39m03/21/2026, 5:57:43 PM [32m    LOG[39m [38;5;3m[InstanceLoader] [39m[32mJwtModule dependencies initialized[39m[38;5;3m +1ms[39m
[32m[Nest] 23640  - [39m03/21/2026, 5:57:43 PM [32m    LOG[39m [38;5;3m[InstanceLoader] [39m[32mUsersModule dependencies initialized[39m[38;5;3m +1ms[39m
[32m[Nest] 23640  - [39m03/21/2026, 5:57:43 PM [32m    LOG[39m [38;5;3m[InstanceLoader] [39m[32mConfigModule dependencies initialized[39m[38;5;3m +1ms[39m
[2J[3J[H[32m[Nest] 23640  - [39m03/21/2026, 5:57:43 PM [32m    LOG[39m [38;5;3m[InstanceLoader] [39m[32mProductsModule dependencies initialized[39m[38;5;3m +2ms[39m
[[90m5:57:43 PM[0m] File change detected. Starting incremental compilation...

[32m[Nest] 23640  - [39m03/21/2026, 5:57:43 PM [32m    LOG[39m [38;5;3m[InstanceLoader] [39m[32mCartModule dependencies initialized[39m[38;5;3m +1ms[39m
[32m[Nest] 23640  - [39m03/21/2026, 5:57:43 PM [32m    LOG[39m [38;5;3m[InstanceLoader] [39m[32mCheckoutModule dependencies initialized[39m[38;5;3m +1ms[39m
[32m[Nest] 23640  - [39m03/21/2026, 5:57:43 PM [32m    LOG[39m [38;5;3m[InstanceLoader] [39m[32mAppModule dependencies initialized[39m[38;5;3m +1ms[39m
[32m[Nest] 23640  - [39m03/21/2026, 5:57:43 PM [32m    LOG[39m [38;5;3m[InstanceLoader] [39m[32mAuthModule dependencies initialized[39m[38;5;3m +0ms[39m
[32m[Nest] 23640  - [39m03/21/2026, 5:57:43 PM [32m    LOG[39m [38;5;3m[InstanceLoader] [39m[32mAdminModule dependencies initialized[39m[38;5;3m +1ms[39m
[32m[Nest] 23640  - [39m03/21/2026, 5:57:43 PM [32m    LOG[39m [38;5;3m[RoutesResolver] [39m[32mAppController {/api}:[39m[38;5;3m +14ms[39m
[32m[Nest] 23640  - [39m03/21/2026, 5:57:43 PM [32m    LOG[39m [38;5;3m[RouterExplorer] [39m[32mMapped {/api, GET} route[39m[38;5;3m +8ms[39m
[32m[Nest] 23640  - [39m03/21/2026, 5:57:43 PM [32m    LOG[39m [38;5;3m[RouterExplorer] [39m[32mMapped {/api/health, GET} route[39m[38;5;3m +1ms[39m
[32m[Nest] 23640  - [39m03/21/2026, 5:57:43 PM [32m    LOG[39m [38;5;3m[RoutesResolver] [39m[32mAuthController {/api/auth}:[39m[38;5;3m +0ms[39m
[32m[Nest] 23640  - [39m03/21/2026, 5:57:43 PM [32m    LOG[39m [38;5;3m[RouterExplorer] [39m[32mMapped {/api/auth/register, POST} route[39m[38;5;3m +3ms[39m
[32m[Nest] 23640  - [39m03/21/2026, 5:57:43 PM [32m    LOG[39m [38;5;3m[RouterExplorer] [39m[32mMapped {/api/auth/login, POST} route[39m[38;5;3m +2ms[39m
[32m[Nest] 23640  - [39m03/21/2026, 5:57:43 PM [32m    LOG[39m [38;5;3m[RouterExplorer] [39m[32mMapped {/api/auth/session/exchange, POST} route[39m[38;5;3m +3ms[39m
[32m[Nest] 23640  - [39m03/21/2026, 5:57:43 PM [32m    LOG[39m [38;5;3m[RouterExplorer] [39m[32mMapped {/api/auth/me, GET} route[39m[38;5;3m +3ms[39m
[32m[Nest] 23640  - [39m03/21/2026, 5:57:43 PM [32m    LOG[39m [38;5;3m[RoutesResolver] [39m[32mProductsController {/api/products}:[39m[38;5;3m +2ms[39m
[32m[Nest] 23640  - [39m03/21/2026, 5:57:43 PM [32m    LOG[39m [38;5;3m[RouterExplorer] [39m[32mMapped {/api/products, GET} route[39m[38;5;3m +2ms[39m
[32m[Nest] 23640  - [39m03/21/2026, 5:57:43 PM [32m    LOG[39m [38;5;3m[RouterExplorer] [39m[32mMapped {/api/products/featured, GET} route[39m[38;5;3m +3ms[39m
[32m[Nest] 23640  - [39m03/21/2026, 5:57:43 PM [32m    LOG[39m [38;5;3m[RouterExplorer] [39m[32mMapped {/api/products/:slug, GET} route[39m[38;5;3m +4ms[39m
[32m[Nest] 23640  - [39m03/21/2026, 5:57:43 PM [32m    LOG[39m [38;5;3m[RoutesResolver] [39m[32mCartController {/api/cart}:[39m[38;5;3m +1ms[39m
[32m[Nest] 23640  - [39m03/21/2026, 5:57:43 PM [32m    LOG[39m [38;5;3m[RouterExplorer] [39m[32mMapped {/api/cart, GET} route[39m[38;5;3m +1ms[39m
[32m[Nest] 23640  - [39m03/21/2026, 5:57:43 PM [32m    LOG[39m [38;5;3m[RouterExplorer] [39m[32mMapped {/api/cart/items, POST} route[39m[38;5;3m +3ms[39m
[32m[Nest] 23640  - [39m03/21/2026, 5:57:43 PM [32m    LOG[39m [38;5;3m[RouterExplorer] [39m[32mMapped {/api/cart/items/:itemId, PATCH} route[39m[38;5;3m +3ms[39m
[32m[Nest] 23640  - [39m03/21/2026, 5:57:43 PM [32m    LOG[39m [38;5;3m[RouterExplorer] [39m[32mMapped {/api/cart/items/:itemId, DELETE} route[39m[38;5;3m +1ms[39m
[32m[Nest] 23640  - [39m03/21/2026, 5:57:43 PM [32m    LOG[39m [38;5;3m[RouterExplorer] [39m[32mMapped {/api/cart, DELETE} route[39m[38;5;3m +3ms[39m
[32m[Nest] 23640  - [39m03/21/2026, 5:57:43 PM [32m    LOG[39m [38;5;3m[RoutesResolver] [39m[32mCheckoutController {/api/checkout}:[39m[38;5;3m +1ms[39m
[32m[Nest] 23640  - [39m03/21/2026, 5:57:43 PM [32m    LOG[39m [38;5;3m[RouterExplorer] [39m[32mMapped {/api/checkout/session, POST} route[39m[38;5;3m +1ms[39m
[32m[Nest] 23640  - [39m03/21/2026, 5:57:43 PM [32m    LOG[39m [38;5;3m[RouterExplorer] [39m[32mMapped {/api/checkout/stripe/payment-intent, POST} route[39m[38;5;3m +5ms[39m
[32m[Nest] 23640  - [39m03/21/2026, 5:57:43 PM [32m    LOG[39m [38;5;3m[RouterExplorer] [39m[32mMapped {/api/checkout/stripe/confirm, POST} route[39m[38;5;3m +2ms[39m
[32m[Nest] 23640  - [39m03/21/2026, 5:57:43 PM [32m    LOG[39m [38;5;3m[RouterExplorer] [39m[32mMapped {/api/checkout/paypal/order, POST} route[39m[38;5;3m +3ms[39m
[32m[Nest] 23640  - [39m03/21/2026, 5:57:43 PM [32m    LOG[39m [38;5;3m[RouterExplorer] [39m[32mMapped {/api/checkout/paypal/capture, POST} route[39m[38;5;3m +2ms[39m
[32m[Nest] 23640  - [39m03/21/2026, 5:57:43 PM [32m    LOG[39m [38;5;3m[RoutesResolver] [39m[32mAdminController {/api/admin/products}:[39m[38;5;3m +1ms[39m
[32m[Nest] 23640  - [39m03/21/2026, 5:57:43 PM [32m    LOG[39m [38;5;3m[RouterExplorer] [39m[32mMapped {/api/admin/products, POST} route[39m[38;5;3m +2ms[39m
[32m[Nest] 23640  - [39m03/21/2026, 5:57:43 PM [32m    LOG[39m [38;5;3m[RouterExplorer] [39m[32mMapped {/api/admin/products/:id, PATCH} route[39m[38;5;3m +2ms[39m
[32m[Nest] 23640  - [39m03/21/2026, 5:57:43 PM [32m    LOG[39m [38;5;3m[RouterExplorer] [39m[32mMapped {/api/admin/products/:id, DELETE} route[39m[38;5;3m +1ms[39m
[32m[Nest] 23640  - [39m03/21/2026, 5:57:43 PM [32m    LOG[39m [38;5;3m[RouterExplorer] [39m[32mMapped {/api/admin/products/upload, POST} route[39m[38;5;3m +1ms[39m
[32m[Nest] 23640  - [39m03/21/2026, 5:57:43 PM [32m    LOG[39m [38;5;3m[NestApplication] [39m[32mNest application successfully started[39m[38;5;3m +111ms[39m
[[90m5:57:45 PM[0m] Found 0 errors. Watching for file changes.

[32m[Nest] 40800  - [39m03/21/2026, 5:57:48 PM [32m    LOG[39m [38;5;3m[NestFactory] [39m[32mStarting Nest application...[39m
[32m[Nest] 40800  - [39m03/21/2026, 5:57:48 PM [32m    LOG[39m [38;5;3m[InstanceLoader] [39m[32mPrismaModule dependencies initialized[39m[38;5;3m +44ms[39m
[32m[Nest] 40800  - [39m03/21/2026, 5:57:48 PM [32m    LOG[39m [38;5;3m[InstanceLoader] [39m[32mPassportModule dependencies initialized[39m[38;5;3m +1ms[39m
[32m[Nest] 40800  - [39m03/21/2026, 5:57:48 PM [32m    LOG[39m [38;5;3m[InstanceLoader] [39m[32mConfigHostModule dependencies initialized[39m[38;5;3m +7ms[39m
[32m[Nest] 40800  - [39m03/21/2026, 5:57:48 PM [32m    LOG[39m [38;5;3m[InstanceLoader] [39m[32mJwtModule dependencies initialized[39m[38;5;3m +1ms[39m
[32m[Nest] 40800  - [39m03/21/2026, 5:57:48 PM [32m    LOG[39m [38;5;3m[InstanceLoader] [39m[32mUsersModule dependencies initialized[39m[38;5;3m +2ms[39m
[32m[Nest] 40800  - [39m03/21/2026, 5:57:48 PM [32m    LOG[39m [38;5;3m[InstanceLoader] [39m[32mConfigModule dependencies initialized[39m[38;5;3m +2ms[39m
[32m[Nest] 40800  - [39m03/21/2026, 5:57:48 PM [32m    LOG[39m [38;5;3m[InstanceLoader] [39m[32mProductsModule dependencies initialized[39m[38;5;3m +1ms[39m
[32m[Nest] 40800  - [39m03/21/2026, 5:57:48 PM [32m    LOG[39m [38;5;3m[InstanceLoader] [39m[32mCartModule dependencies initialized[39m[38;5;3m +1ms[39m
[32m[Nest] 40800  - [39m03/21/2026, 5:57:48 PM [32m    LOG[39m [38;5;3m[InstanceLoader] [39m[32mCheckoutModule dependencies initialized[39m[38;5;3m +1ms[39m
[32m[Nest] 40800  - [39m03/21/2026, 5:57:48 PM [32m    LOG[39m [38;5;3m[InstanceLoader] [39m[32mAppModule dependencies initialized[39m[38;5;3m +1ms[39m
[32m[Nest] 40800  - [39m03/21/2026, 5:57:48 PM [32m    LOG[39m [38;5;3m[InstanceLoader] [39m[32mAuthModule dependencies initialized[39m[38;5;3m +0ms[39m
[32m[Nest] 40800  - [39m03/21/2026, 5:57:48 PM [32m    LOG[39m [38;5;3m[InstanceLoader] [39m[32mAdminModule dependencies initialized[39m[38;5;3m +1ms[39m
[32m[Nest] 40800  - [39m03/21/2026, 5:57:48 PM [32m    LOG[39m [38;5;3m[RoutesResolver] [39m[32mAppController {/api}:[39m[38;5;3m +11ms[39m
[32m[Nest] 40800  - [39m03/21/2026, 5:57:48 PM [32m    LOG[39m [38;5;3m[RouterExplorer] [39m[32mMapped {/api, GET} route[39m[38;5;3m +6ms[39m
[32m[Nest] 40800  - [39m03/21/2026, 5:57:48 PM [32m    LOG[39m [38;5;3m[RouterExplorer] [39m[32mMapped {/api/health, GET} route[39m[38;5;3m +1ms[39m
[32m[Nest] 40800  - [39m03/21/2026, 5:57:48 PM [32m    LOG[39m [38;5;3m[RoutesResolver] [39m[32mAuthController {/api/auth}:[39m[38;5;3m +0ms[39m
[32m[Nest] 40800  - [39m03/21/2026, 5:57:48 PM [32m    LOG[39m [38;5;3m[RouterExplorer] [39m[32mMapped {/api/auth/register, POST} route[39m[38;5;3m +1ms[39m
[32m[Nest] 40800  - [39m03/21/2026, 5:57:48 PM [32m    LOG[39m [38;5;3m[RouterExplorer] [39m[32mMapped {/api/auth/login, POST} route[39m[38;5;3m +2ms[39m
[32m[Nest] 40800  - [39m03/21/2026, 5:57:48 PM [32m    LOG[39m [38;5;3m[RouterExplorer] [39m[32mMapped {/api/auth/session/exchange, POST} route[39m[38;5;3m +1ms[39m
[32m[Nest] 40800  - [39m03/21/2026, 5:57:48 PM [32m    LOG[39m [38;5;3m[RouterExplorer] [39m[32mMapped {/api/auth/me, GET} route[39m[38;5;3m +2ms[39m
[32m[Nest] 40800  - [39m03/21/2026, 5:57:48 PM [32m    LOG[39m [38;5;3m[RoutesResolver] [39m[32mProductsController {/api/products}:[39m[38;5;3m +1ms[39m
[32m[Nest] 40800  - [39m03/21/2026, 5:57:48 PM [32m    LOG[39m [38;5;3m[RouterExplorer] [39m[32mMapped {/api/products, GET} route[39m[38;5;3m +1ms[39m
[32m[Nest] 40800  - [39m03/21/2026, 5:57:48 PM [32m    LOG[39m [38;5;3m[RouterExplorer] [39m[32mMapped {/api/products/featured, GET} route[39m[38;5;3m +1ms[39m
[32m[Nest] 40800  - [39m03/21/2026, 5:57:48 PM [32m    LOG[39m [38;5;3m[RouterExplorer] [39m[32mMapped {/api/products/:slug, GET} route[39m[38;5;3m +2ms[39m
[32m[Nest] 40800  - [39m03/21/2026, 5:57:48 PM [32m    LOG[39m [38;5;3m[RoutesResolver] [39m[32mCartController {/api/cart}:[39m[38;5;3m +1ms[39m
[32m[Nest] 40800  - [39m03/21/2026, 5:57:48 PM [32m    LOG[39m [38;5;3m[RouterExplorer] [39m[32mMapped {/api/cart, GET} route[39m[38;5;3m +1ms[39m
[32m[Nest] 40800  - [39m03/21/2026, 5:57:48 PM [32m    LOG[39m [38;5;3m[RouterExplorer] [39m[32mMapped {/api/cart/items, POST} route[39m[38;5;3m +1ms[39m
[32m[Nest] 40800  - [39m03/21/2026, 5:57:48 PM [32m    LOG[39m [38;5;3m[RouterExplorer] [39m[32mMapped {/api/cart/items/:itemId, PATCH} route[39m[38;5;3m +1ms[39m
[32m[Nest] 40800  - [39m03/21/2026, 5:57:48 PM [32m    LOG[39m [38;5;3m[RouterExplorer] [39m[32mMapped {/api/cart/items/:itemId, DELETE} route[39m[38;5;3m +1ms[39m
[32m[Nest] 40800  - [39m03/21/2026, 5:57:48 PM [32m    LOG[39m [38;5;3m[RouterExplorer] [39m[32mMapped {/api/cart, DELETE} route[39m[38;5;3m +0ms[39m
[32m[Nest] 40800  - [39m03/21/2026, 5:57:48 PM [32m    LOG[39m [38;5;3m[RoutesResolver] [39m[32mCheckoutController {/api/checkout}:[39m[38;5;3m +0ms[39m
[32m[Nest] 40800  - [39m03/21/2026, 5:57:48 PM [32m    LOG[39m [38;5;3m[RouterExplorer] [39m[32mMapped {/api/checkout/session, POST} route[39m[38;5;3m +1ms[39m
[32m[Nest] 40800  - [39m03/21/2026, 5:57:48 PM [32m    LOG[39m [38;5;3m[RouterExplorer] [39m[32mMapped {/api/checkout/stripe/payment-intent, POST} route[39m[38;5;3m +1ms[39m
[32m[Nest] 40800  - [39m03/21/2026, 5:57:48 PM [32m    LOG[39m [38;5;3m[RouterExplorer] [39m[32mMapped {/api/checkout/stripe/confirm, POST} route[39m[38;5;3m +0ms[39m
[32m[Nest] 40800  - [39m03/21/2026, 5:57:48 PM [32m    LOG[39m [38;5;3m[RouterExplorer] [39m[32mMapped {/api/checkout/paypal/order, POST} route[39m[38;5;3m +1ms[39m
[32m[Nest] 40800  - [39m03/21/2026, 5:57:48 PM [32m    LOG[39m [38;5;3m[RouterExplorer] [39m[32mMapped {/api/checkout/paypal/capture, POST} route[39m[38;5;3m +1ms[39m
[32m[Nest] 40800  - [39m03/21/2026, 5:57:48 PM [32m    LOG[39m [38;5;3m[RoutesResolver] [39m[32mAdminController {/api/admin/products}:[39m[38;5;3m +0ms[39m
[32m[Nest] 40800  - [39m03/21/2026, 5:57:48 PM [32m    LOG[39m [38;5;3m[RouterExplorer] [39m[32mMapped {/api/admin/products, POST} route[39m[38;5;3m +1ms[39m
[32m[Nest] 40800  - [39m03/21/2026, 5:57:48 PM [32m    LOG[39m [38;5;3m[RouterExplorer] [39m[32mMapped {/api/admin/products/:id, PATCH} route[39m[38;5;3m +0ms[39m
[32m[Nest] 40800  - [39m03/21/2026, 5:57:48 PM [32m    LOG[39m [38;5;3m[RouterExplorer] [39m[32mMapped {/api/admin/products/:id, DELETE} route[39m[38;5;3m +1ms[39m
[32m[Nest] 40800  - [39m03/21/2026, 5:57:48 PM [32m    LOG[39m [38;5;3m[RouterExplorer] [39m[32mMapped {/api/admin/products/upload, POST} route[39m[38;5;3m +1ms[39m
[32m[Nest] 40800  - [39m03/21/2026, 5:57:48 PM [32m    LOG[39m [38;5;3m[NestApplication] [39m[32mNest application successfully started[39m[38;5;3m +43ms[39m
[2J[3J[H[[90m6:06:26 PM[0m] File change detected. Starting incremental compilation...

[[90m6:06:27 PM[0m] Found 0 errors. Watching for file changes.

[32m[Nest] 40356  - [39m03/21/2026, 6:06:29 PM [32m    LOG[39m [38;5;3m[NestFactory] [39m[32mStarting Nest application...[39m
[32m[Nest] 40356  - [39m03/21/2026, 6:06:29 PM [32m    LOG[39m [38;5;3m[InstanceLoader] [39m[32mPrismaModule dependencies initialized[39m[38;5;3m +29ms[39m
[32m[Nest] 40356  - [39m03/21/2026, 6:06:29 PM [32m    LOG[39m [38;5;3m[InstanceLoader] [39m[32mPassportModule dependencies initialized[39m[38;5;3m +1ms[39m
[32m[Nest] 40356  - [39m03/21/2026, 6:06:29 PM [32m    LOG[39m [38;5;3m[InstanceLoader] [39m[32mConfigHostModule dependencies initialized[39m[38;5;3m +4ms[39m
[32m[Nest] 40356  - [39m03/21/2026, 6:06:29 PM [32m    LOG[39m [38;5;3m[InstanceLoader] [39m[32mJwtModule dependencies initialized[39m[38;5;3m +1ms[39m
[32m[Nest] 40356  - [39m03/21/2026, 6:06:29 PM [32m    LOG[39m [38;5;3m[InstanceLoader] [39m[32mUsersModule dependencies initialized[39m[38;5;3m +1ms[39m
[32m[Nest] 40356  - [39m03/21/2026, 6:06:29 PM [32m    LOG[39m [38;5;3m[InstanceLoader] [39m[32mConfigModule dependencies initialized[39m[38;5;3m +1ms[39m
[32m[Nest] 40356  - [39m03/21/2026, 6:06:29 PM [32m    LOG[39m [38;5;3m[InstanceLoader] [39m[32mProductsModule dependencies initialized[39m[38;5;3m +1ms[39m
[32m[Nest] 40356  - [39m03/21/2026, 6:06:29 PM [32m    LOG[39m [38;5;3m[InstanceLoader] [39m[32mCartModule dependencies initialized[39m[38;5;3m +0ms[39m
[32m[Nest] 40356  - [39m03/21/2026, 6:06:29 PM [32m    LOG[39m [38;5;3m[InstanceLoader] [39m[32mCheckoutModule dependencies initialized[39m[38;5;3m +1ms[39m
[32m[Nest] 40356  - [39m03/21/2026, 6:06:29 PM [32m    LOG[39m [38;5;3m[InstanceLoader] [39m[32mAppModule dependencies initialized[39m[38;5;3m +0ms[39m
[32m[Nest] 40356  - [39m03/21/2026, 6:06:29 PM [32m    LOG[39m [38;5;3m[InstanceLoader] [39m[32mAuthModule dependencies initialized[39m[38;5;3m +0ms[39m
[32m[Nest] 40356  - [39m03/21/2026, 6:06:29 PM [32m    LOG[39m [38;5;3m[InstanceLoader] [39m[32mAdminModule dependencies initialized[39m[38;5;3m +1ms[39m
[32m[Nest] 40356  - [39m03/21/2026, 6:06:29 PM [32m    LOG[39m [38;5;3m[RoutesResolver] [39m[32mAppController {/api}:[39m[38;5;3m +7ms[39m
[32m[Nest] 40356  - [39m03/21/2026, 6:06:29 PM [32m    LOG[39m [38;5;3m[RouterExplorer] [39m[32mMapped {/api, GET} route[39m[38;5;3m +4ms[39m
[32m[Nest] 40356  - [39m03/21/2026, 6:06:29 PM [32m    LOG[39m [38;5;3m[RouterExplorer] [39m[32mMapped {/api/health, GET} route[39m[38;5;3m +1ms[39m
[32m[Nest] 40356  - [39m03/21/2026, 6:06:29 PM [32m    LOG[39m [38;5;3m[RoutesResolver] [39m[32mAuthController {/api/auth}:[39m[38;5;3m +0ms[39m
[32m[Nest] 40356  - [39m03/21/2026, 6:06:29 PM [32m    LOG[39m [38;5;3m[RouterExplorer] [39m[32mMapped {/api/auth/register, POST} route[39m[38;5;3m +1ms[39m
[32m[Nest] 40356  - [39m03/21/2026, 6:06:29 PM [32m    LOG[39m [38;5;3m[RouterExplorer] [39m[32mMapped {/api/auth/login, POST} route[39m[38;5;3m +1ms[39m
[32m[Nest] 40356  - [39m03/21/2026, 6:06:29 PM [32m    LOG[39m [38;5;3m[RouterExplorer] [39m[32mMapped {/api/auth/session/exchange, POST} route[39m[38;5;3m +1ms[39m
[32m[Nest] 40356  - [39m03/21/2026, 6:06:29 PM [32m    LOG[39m [38;5;3m[RouterExplorer] [39m[32mMapped {/api/auth/me, GET} route[39m[38;5;3m +0ms[39m
[32m[Nest] 40356  - [39m03/21/2026, 6:06:29 PM [32m    LOG[39m [38;5;3m[RoutesResolver] [39m[32mProductsController {/api/products}:[39m[38;5;3m +1ms[39m
[32m[Nest] 40356  - [39m03/21/2026, 6:06:29 PM [32m    LOG[39m [38;5;3m[RouterExplorer] [39m[32mMapped {/api/products, GET} route[39m[38;5;3m +1ms[39m
[32m[Nest] 40356  - [39m03/21/2026, 6:06:29 PM [32m    LOG[39m [38;5;3m[RouterExplorer] [39m[32mMapped {/api/products/featured, GET} route[39m[38;5;3m +0ms[39m
[32m[Nest] 40356  - [39m03/21/2026, 6:06:29 PM [32m    LOG[39m [38;5;3m[RouterExplorer] [39m[32mMapped {/api/products/:slug, GET} route[39m[38;5;3m +1ms[39m
[32m[Nest] 40356  - [39m03/21/2026, 6:06:29 PM [32m    LOG[39m [38;5;3m[RoutesResolver] [39m[32mCartController {/api/cart}:[39m[38;5;3m +1ms[39m
[32m[Nest] 40356  - [39m03/21/2026, 6:06:29 PM [32m    LOG[39m [38;5;3m[RouterExplorer] [39m[32mMapped {/api/cart, GET} route[39m[38;5;3m +1ms[39m
[32m[Nest] 40356  - [39m03/21/2026, 6:06:29 PM [32m    LOG[39m [38;5;3m[RouterExplorer] [39m[32mMapped {/api/cart/items, POST} route[39m[38;5;3m +1ms[39m
[32m[Nest] 40356  - [39m03/21/2026, 6:06:29 PM [32m    LOG[39m [38;5;3m[RouterExplorer] [39m[32mMapped {/api/cart/items/:itemId, PATCH} route[39m[38;5;3m +1ms[39m
[32m[Nest] 40356  - [39m03/21/2026, 6:06:29 PM [32m    LOG[39m [38;5;3m[RouterExplorer] [39m[32mMapped {/api/cart/items/:itemId, DELETE} route[39m[38;5;3m +0ms[39m
[32m[Nest] 40356  - [39m03/21/2026, 6:06:29 PM [32m    LOG[39m [38;5;3m[RouterExplorer] [39m[32mMapped {/api/cart, DELETE} route[39m[38;5;3m +1ms[39m
[32m[Nest] 40356  - [39m03/21/2026, 6:06:29 PM [32m    LOG[39m [38;5;3m[RoutesResolver] [39m[32mCheckoutController {/api/checkout}:[39m[38;5;3m +0ms[39m
[32m[Nest] 40356  - [39m03/21/2026, 6:06:29 PM [32m    LOG[39m [38;5;3m[RouterExplorer] [39m[32mMapped {/api/checkout/session, POST} route[39m[38;5;3m +4ms[39m
[32m[Nest] 40356  - [39m03/21/2026, 6:06:29 PM [32m    LOG[39m [38;5;3m[RouterExplorer] [39m[32mMapped {/api/checkout/stripe/payment-intent, POST} route[39m[38;5;3m +1ms[39m
[32m[Nest] 40356  - [39m03/21/2026, 6:06:29 PM [32m    LOG[39m [38;5;3m[RouterExplorer] [39m[32mMapped {/api/checkout/stripe/confirm, POST} route[39m[38;5;3m +0ms[39m
[32m[Nest] 40356  - [39m03/21/2026, 6:06:29 PM [32m    LOG[39m [38;5;3m[RouterExplorer] [39m[32mMapped {/api/checkout/paypal/order, POST} route[39m[38;5;3m +1ms[39m
[32m[Nest] 40356  - [39m03/21/2026, 6:06:29 PM [32m    LOG[39m [38;5;3m[RouterExplorer] [39m[32mMapped {/api/checkout/paypal/capture, POST} route[39m[38;5;3m +0ms[39m
[32m[Nest] 40356  - [39m03/21/2026, 6:06:29 PM [32m    LOG[39m [38;5;3m[RoutesResolver] [39m[32mAdminController {/api/admin/products}:[39m[38;5;3m +1ms[39m
[32m[Nest] 40356  - [39m03/21/2026, 6:06:29 PM [32m    LOG[39m [38;5;3m[RouterExplorer] [39m[32mMapped {/api/admin/products, POST} route[39m[38;5;3m +0ms[39m
[32m[Nest] 40356  - [39m03/21/2026, 6:06:29 PM [32m    LOG[39m [38;5;3m[RouterExplorer] [39m[32mMapped {/api/admin/products/:id, PATCH} route[39m[38;5;3m +1ms[39m
[32m[Nest] 40356  - [39m03/21/2026, 6:06:29 PM [32m    LOG[39m [38;5;3m[RouterExplorer] [39m[32mMapped {/api/admin/products/:id, DELETE} route[39m[38;5;3m +0ms[39m
[32m[Nest] 40356  - [39m03/21/2026, 6:06:29 PM [32m    LOG[39m [38;5;3m[RouterExplorer] [39m[32mMapped {/api/admin/products/upload, POST} route[39m[38;5;3m +1ms[39m
[32m[Nest] 40356  - [39m03/21/2026, 6:06:29 PM [32m    LOG[39m [38;5;3m[NestApplication] [39m[32mNest application successfully started[39m[38;5;3m +37ms[39m
[2J[3J[H[[90m6:08:09 PM[0m] File change detected. Starting incremental compilation...

[[90m6:08:11 PM[0m] Found 0 errors. Watching for file changes.

[32m[Nest] 37456  - [39m03/21/2026, 6:08:14 PM [32m    LOG[39m [38;5;3m[NestFactory] [39m[32mStarting Nest application...[39m
[32m[Nest] 37456  - [39m03/21/2026, 6:08:14 PM [32m    LOG[39m [38;5;3m[InstanceLoader] [39m[32mPrismaModule dependencies initialized[39m[38;5;3m +40ms[39m
[32m[Nest] 37456  - [39m03/21/2026, 6:08:14 PM [32m    LOG[39m [38;5;3m[InstanceLoader] [39m[32mPassportModule dependencies initialized[39m[38;5;3m +1ms[39m
[32m[Nest] 37456  - [39m03/21/2026, 6:08:14 PM [32m    LOG[39m [38;5;3m[InstanceLoader] [39m[32mConfigHostModule dependencies initialized[39m[38;5;3m +4ms[39m
[32m[Nest] 37456  - [39m03/21/2026, 6:08:14 PM [32m    LOG[39m [38;5;3m[InstanceLoader] [39m[32mJwtModule dependencies initialized[39m[38;5;3m +1ms[39m
[32m[Nest] 37456  - [39m03/21/2026, 6:08:14 PM [32m    LOG[39m [38;5;3m[InstanceLoader] [39m[32mUsersModule dependencies initialized[39m[38;5;3m +0ms[39m
[32m[Nest] 37456  - [39m03/21/2026, 6:08:14 PM [32m    LOG[39m [38;5;3m[InstanceLoader] [39m[32mConfigModule dependencies initialized[39m[38;5;3m +1ms[39m
[32m[Nest] 37456  - [39m03/21/2026, 6:08:14 PM [32m    LOG[39m [38;5;3m[InstanceLoader] [39m[32mProductsModule dependencies initialized[39m[38;5;3m +1ms[39m
[32m[Nest] 37456  - [39m03/21/2026, 6:08:14 PM [32m    LOG[39m [38;5;3m[InstanceLoader] [39m[32mCartModule dependencies initialized[39m[38;5;3m +1ms[39m
[32m[Nest] 37456  - [39m03/21/2026, 6:08:14 PM [32m    LOG[39m [38;5;3m[InstanceLoader] [39m[32mCheckoutModule dependencies initialized[39m[38;5;3m +0ms[39m
[32m[Nest] 37456  - [39m03/21/2026, 6:08:14 PM [32m    LOG[39m [38;5;3m[InstanceLoader] [39m[32mAppModule dependencies initialized[39m[38;5;3m +1ms[39m
[32m[Nest] 37456  - [39m03/21/2026, 6:08:14 PM [32m    LOG[39m [38;5;3m[InstanceLoader] [39m[32mAuthModule dependencies initialized[39m[38;5;3m +0ms[39m
[32m[Nest] 37456  - [39m03/21/2026, 6:08:14 PM [32m    LOG[39m [38;5;3m[InstanceLoader] [39m[32mAdminModule dependencies initialized[39m[38;5;3m +1ms[39m
[32m[Nest] 37456  - [39m03/21/2026, 6:08:14 PM [32m    LOG[39m [38;5;3m[RoutesResolver] [39m[32mAppController {/api}:[39m[38;5;3m +8ms[39m
[32m[Nest] 37456  - [39m03/21/2026, 6:08:14 PM [32m    LOG[39m [38;5;3m[RouterExplorer] [39m[32mMapped {/api, GET} route[39m[38;5;3m +4ms[39m
[32m[Nest] 37456  - [39m03/21/2026, 6:08:14 PM [32m    LOG[39m [38;5;3m[RouterExplorer] [39m[32mMapped {/api/health, GET} route[39m[38;5;3m +1ms[39m
[32m[Nest] 37456  - [39m03/21/2026, 6:08:14 PM [32m    LOG[39m [38;5;3m[RoutesResolver] [39m[32mAuthController {/api/auth}:[39m[38;5;3m +1ms[39m
[32m[Nest] 37456  - [39m03/21/2026, 6:08:14 PM [32m    LOG[39m [38;5;3m[RouterExplorer] [39m[32mMapped {/api/auth/register, POST} route[39m[38;5;3m +1ms[39m
[32m[Nest] 37456  - [39m03/21/2026, 6:08:14 PM [32m    LOG[39m [38;5;3m[RouterExplorer] [39m[32mMapped {/api/auth/login, POST} route[39m[38;5;3m +0ms[39m
[32m[Nest] 37456  - [39m03/21/2026, 6:08:14 PM [32m    LOG[39m [38;5;3m[RouterExplorer] [39m[32mMapped {/api/auth/session/exchange, POST} route[39m[38;5;3m +1ms[39m
[32m[Nest] 37456  - [39m03/21/2026, 6:08:14 PM [32m    LOG[39m [38;5;3m[RouterExplorer] [39m[32mMapped {/api/auth/me, GET} route[39m[38;5;3m +1ms[39m
[32m[Nest] 37456  - [39m03/21/2026, 6:08:14 PM [32m    LOG[39m [38;5;3m[RoutesResolver] [39m[32mProductsController {/api/products}:[39m[38;5;3m +0ms[39m
[32m[Nest] 37456  - [39m03/21/2026, 6:08:14 PM [32m    LOG[39m [38;5;3m[RouterExplorer] [39m[32mMapped {/api/products, GET} route[39m[38;5;3m +1ms[39m
[32m[Nest] 37456  - [39m03/21/2026, 6:08:14 PM [32m    LOG[39m [38;5;3m[RouterExplorer] [39m[32mMapped {/api/products/featured, GET} route[39m[38;5;3m +1ms[39m
[32m[Nest] 37456  - [39m03/21/2026, 6:08:14 PM [32m    LOG[39m [38;5;3m[RouterExplorer] [39m[32mMapped {/api/products/:slug, GET} route[39m[38;5;3m +1ms[39m
[32m[Nest] 37456  - [39m03/21/2026, 6:08:14 PM [32m    LOG[39m [38;5;3m[RoutesResolver] [39m[32mCartController {/api/cart}:[39m[38;5;3m +0ms[39m
[32m[Nest] 37456  - [39m03/21/2026, 6:08:14 PM [32m    LOG[39m [38;5;3m[RouterExplorer] [39m[32mMapped {/api/cart, GET} route[39m[38;5;3m +2ms[39m
[32m[Nest] 37456  - [39m03/21/2026, 6:08:14 PM [32m    LOG[39m [38;5;3m[RouterExplorer] [39m[32mMapped {/api/cart/items, POST} route[39m[38;5;3m +1ms[39m
[32m[Nest] 37456  - [39m03/21/2026, 6:08:14 PM [32m    LOG[39m [38;5;3m[RouterExplorer] [39m[32mMapped {/api/cart/items/:itemId, PATCH} route[39m[38;5;3m +1ms[39m
[32m[Nest] 37456  - [39m03/21/2026, 6:08:14 PM [32m    LOG[39m [38;5;3m[RouterExplorer] [39m[32mMapped {/api/cart/items/:itemId, DELETE} route[39m[38;5;3m +1ms[39m
[32m[Nest] 37456  - [39m03/21/2026, 6:08:14 PM [32m    LOG[39m [38;5;3m[RouterExplorer] [39m[32mMapped {/api/cart, DELETE} route[39m[38;5;3m +1ms[39m
[32m[Nest] 37456  - [39m03/21/2026, 6:08:14 PM [32m    LOG[39m [38;5;3m[RoutesResolver] [39m[32mCheckoutController {/api/checkout}:[39m[38;5;3m +0ms[39m
[32m[Nest] 37456  - [39m03/21/2026, 6:08:14 PM [32m    LOG[39m [38;5;3m[RouterExplorer] [39m[32mMapped {/api/checkout/session, POST} route[39m[38;5;3m +1ms[39m
[32m[Nest] 37456  - [39m03/21/2026, 6:08:14 PM [32m    LOG[39m [38;5;3m[RouterExplorer] [39m[32mMapped {/api/checkout/stripe/payment-intent, POST} route[39m[38;5;3m +0ms[39m
[32m[Nest] 37456  - [39m03/21/2026, 6:08:14 PM [32m    LOG[39m [38;5;3m[RouterExplorer] [39m[32mMapped {/api/checkout/stripe/confirm, POST} route[39m[38;5;3m +1ms[39m
[32m[Nest] 37456  - [39m03/21/2026, 6:08:14 PM [32m    LOG[39m [38;5;3m[RouterExplorer] [39m[32mMapped {/api/checkout/paypal/order, POST} route[39m[38;5;3m +0ms[39m
[32m[Nest] 37456  - [39m03/21/2026, 6:08:14 PM [32m    LOG[39m [38;5;3m[RouterExplorer] [39m[32mMapped {/api/checkout/paypal/capture, POST} route[39m[38;5;3m +1ms[39m
[32m[Nest] 37456  - [39m03/21/2026, 6:08:14 PM [32m    LOG[39m [38;5;3m[RoutesResolver] [39m[32mAdminController {/api/admin/products}:[39m[38;5;3m +0ms[39m
[32m[Nest] 37456  - [39m03/21/2026, 6:08:14 PM [32m    LOG[39m [38;5;3m[RouterExplorer] [39m[32mMapped {/api/admin/products, POST} route[39m[38;5;3m +1ms[39m
[32m[Nest] 37456  - [39m03/21/2026, 6:08:14 PM [32m    LOG[39m [38;5;3m[RouterExplorer] [39m[32mMapped {/api/admin/products/:id, PATCH} route[39m[38;5;3m +0ms[39m
[32m[Nest] 37456  - [39m03/21/2026, 6:08:14 PM [32m    LOG[39m [38;5;3m[RouterExplorer] [39m[32mMapped {/api/admin/products/:id, DELETE} route[39m[38;5;3m +1ms[39m
[32m[Nest] 37456  - [39m03/21/2026, 6:08:14 PM [32m    LOG[39m [38;5;3m[RouterExplorer] [39m[32mMapped {/api/admin/products/upload, POST} route[39m[38;5;3m +0ms[39m
[32m[Nest] 37456  - [39m03/21/2026, 6:08:14 PM [32m    LOG[39m [38;5;3m[NestApplication] [39m[32mNest application successfully started[39m[38;5;3m +38ms[39m
[2J[3J[H[[90m6:59:52 PM[0m] File change detected. Starting incremental compilation...

[[90m6:59:53 PM[0m] Found 0 errors. Watching for file changes.

[2J[3J[H[[90m6:59:54 PM[0m] File change detected. Starting incremental compilation...

[[90m6:59:55 PM[0m] Found 0 errors. Watching for file changes.

[2J[3J[H[[90m6:59:56 PM[0m] File change detected. Starting incremental compilation...

[[90m6:59:57 PM[0m] Found 0 errors. Watching for file changes.

[2J[3J[H[[90m6:59:57 PM[0m] File change detected. Starting incremental compilation...

[[90m6:59:58 PM[0m] Found 0 errors. Watching for file changes.

[32m[Nest] 39920  - [39m03/21/2026, 7:00:00 PM [32m    LOG[39m [38;5;3m[NestFactory] [39m[32mStarting Nest application...[39m
[32m[Nest] 39920  - [39m03/21/2026, 7:00:01 PM [32m    LOG[39m [38;5;3m[InstanceLoader] [39m[32mPrismaModule dependencies initialized[39m[38;5;3m +35ms[39m
[32m[Nest] 39920  - [39m03/21/2026, 7:00:01 PM [32m    LOG[39m [38;5;3m[InstanceLoader] [39m[32mPassportModule dependencies initialized[39m[38;5;3m +1ms[39m
[32m[Nest] 39920  - [39m03/21/2026, 7:00:01 PM [32m    LOG[39m [38;5;3m[InstanceLoader] [39m[32mConfigHostModule dependencies initialized[39m[38;5;3m +12ms[39m
[32m[Nest] 39920  - [39m03/21/2026, 7:00:01 PM [32m    LOG[39m [38;5;3m[InstanceLoader] [39m[32mJwtModule dependencies initialized[39m[38;5;3m +0ms[39m
[32m[Nest] 39920  - [39m03/21/2026, 7:00:01 PM [32m    LOG[39m [38;5;3m[InstanceLoader] [39m[32mUsersModule dependencies initialized[39m[38;5;3m +1ms[39m
[32m[Nest] 39920  - [39m03/21/2026, 7:00:01 PM [32m    LOG[39m [38;5;3m[InstanceLoader] [39m[32mConfigModule dependencies initialized[39m[38;5;3m +1ms[39m
[32m[Nest] 39920  - [39m03/21/2026, 7:00:01 PM [32m    LOG[39m [38;5;3m[InstanceLoader] [39m[32mProductsModule dependencies initialized[39m[38;5;3m +1ms[39m
[32m[Nest] 39920  - [39m03/21/2026, 7:00:01 PM [32m    LOG[39m [38;5;3m[InstanceLoader] [39m[32mCartModule dependencies initialized[39m[38;5;3m +0ms[39m
[32m[Nest] 39920  - [39m03/21/2026, 7:00:01 PM [32m    LOG[39m [38;5;3m[InstanceLoader] [39m[32mCheckoutModule dependencies initialized[39m[38;5;3m +1ms[39m
[32m[Nest] 39920  - [39m03/21/2026, 7:00:01 PM [32m    LOG[39m [38;5;3m[InstanceLoader] [39m[32mAppModule dependencies initialized[39m[38;5;3m +1ms[39m
[32m[Nest] 39920  - [39m03/21/2026, 7:00:01 PM [32m    LOG[39m [38;5;3m[InstanceLoader] [39m[32mAuthModule dependencies initialized[39m[38;5;3m +0ms[39m
[32m[Nest] 39920  - [39m03/21/2026, 7:00:01 PM [32m    LOG[39m [38;5;3m[InstanceLoader] [39m[32mAdminModule dependencies initialized[39m[38;5;3m +0ms[39m
[32m[Nest] 39920  - [39m03/21/2026, 7:00:01 PM [32m    LOG[39m [38;5;3m[RoutesResolver] [39m[32mAppController {/api}:[39m[38;5;3m +9ms[39m
[32m[Nest] 39920  - [39m03/21/2026, 7:00:01 PM [32m    LOG[39m [38;5;3m[RouterExplorer] [39m[32mMapped {/api, GET} route[39m[38;5;3m +3ms[39m
[32m[Nest] 39920  - [39m03/21/2026, 7:00:01 PM [32m    LOG[39m [38;5;3m[RouterExplorer] [39m[32mMapped {/api/health, GET} route[39m[38;5;3m +1ms[39m
[32m[Nest] 39920  - [39m03/21/2026, 7:00:01 PM [32m    LOG[39m [38;5;3m[RoutesResolver] [39m[32mAuthController {/api/auth}:[39m[38;5;3m +1ms[39m
[32m[Nest] 39920  - [39m03/21/2026, 7:00:01 PM [32m    LOG[39m [38;5;3m[RouterExplorer] [39m[32mMapped {/api/auth/register, POST} route[39m[38;5;3m +1ms[39m
[32m[Nest] 39920  - [39m03/21/2026, 7:00:01 PM [32m    LOG[39m [38;5;3m[RouterExplorer] [39m[32mMapped {/api/auth/login, POST} route[39m[38;5;3m +1ms[39m
[32m[Nest] 39920  - [39m03/21/2026, 7:00:01 PM [32m    LOG[39m [38;5;3m[RouterExplorer] [39m[32mMapped {/api/auth/session/exchange, POST} route[39m[38;5;3m +0ms[39m
[32m[Nest] 39920  - [39m03/21/2026, 7:00:01 PM [32m    LOG[39m [38;5;3m[RouterExplorer] [39m[32mMapped {/api/auth/me, GET} route[39m[38;5;3m +1ms[39m
[32m[Nest] 39920  - [39m03/21/2026, 7:00:01 PM [32m    LOG[39m [38;5;3m[RoutesResolver] [39m[32mProductsController {/api/products}:[39m[38;5;3m +1ms[39m
[32m[Nest] 39920  - [39m03/21/2026, 7:00:01 PM [32m    LOG[39m [38;5;3m[RouterExplorer] [39m[32mMapped {/api/products, GET} route[39m[38;5;3m +0ms[39m
[32m[Nest] 39920  - [39m03/21/2026, 7:00:01 PM [32m    LOG[39m [38;5;3m[RouterExplorer] [39m[32mMapped {/api/products/featured, GET} route[39m[38;5;3m +1ms[39m
[32m[Nest] 39920  - [39m03/21/2026, 7:00:01 PM [32m    LOG[39m [38;5;3m[RouterExplorer] [39m[32mMapped {/api/products/:slug, GET} route[39m[38;5;3m +1ms[39m
[32m[Nest] 39920  - [39m03/21/2026, 7:00:01 PM [32m    LOG[39m [38;5;3m[RoutesResolver] [39m[32mCartController {/api/cart}:[39m[38;5;3m +0ms[39m
[32m[Nest] 39920  - [39m03/21/2026, 7:00:01 PM [32m    LOG[39m [38;5;3m[RouterExplorer] [39m[32mMapped {/api/cart, GET} route[39m[38;5;3m +1ms[39m
[32m[Nest] 39920  - [39m03/21/2026, 7:00:01 PM [32m    LOG[39m [38;5;3m[RouterExplorer] [39m[32mMapped {/api/cart/items, POST} route[39m[38;5;3m +1ms[39m
[32m[Nest] 39920  - [39m03/21/2026, 7:00:01 PM [32m    LOG[39m [38;5;3m[RouterExplorer] [39m[32mMapped {/api/cart/items/:itemId, PATCH} route[39m[38;5;3m +1ms[39m
[32m[Nest] 39920  - [39m03/21/2026, 7:00:01 PM [32m    LOG[39m [38;5;3m[RouterExplorer] [39m[32mMapped {/api/cart/items/:itemId, DELETE} route[39m[38;5;3m +0ms[39m
[32m[Nest] 39920  - [39m03/21/2026, 7:00:01 PM [32m    LOG[39m [38;5;3m[RouterExplorer] [39m[32mMapped {/api/cart, DELETE} route[39m[38;5;3m +1ms[39m
[32m[Nest] 39920  - [39m03/21/2026, 7:00:01 PM [32m    LOG[39m [38;5;3m[RoutesResolver] [39m[32mCheckoutController {/api/checkout}:[39m[38;5;3m +0ms[39m
[32m[Nest] 39920  - [39m03/21/2026, 7:00:01 PM [32m    LOG[39m [38;5;3m[RouterExplorer] [39m[32mMapped {/api/checkout/session, POST} route[39m[38;5;3m +0ms[39m
[32m[Nest] 39920  - [39m03/21/2026, 7:00:01 PM [32m    LOG[39m [38;5;3m[RouterExplorer] [39m[32mMapped {/api/checkout/stripe/payment-intent, POST} route[39m[38;5;3m +1ms[39m
[32m[Nest] 39920  - [39m03/21/2026, 7:00:01 PM [32m    LOG[39m [38;5;3m[RouterExplorer] [39m[32mMapped {/api/checkout/stripe/confirm, POST} route[39m[38;5;3m +0ms[39m
[32m[Nest] 39920  - [39m03/21/2026, 7:00:01 PM [32m    LOG[39m [38;5;3m[RouterExplorer] [39m[32mMapped {/api/checkout/paypal/order, POST} route[39m[38;5;3m +1ms[39m
[32m[Nest] 39920  - [39m03/21/2026, 7:00:01 PM [32m    LOG[39m [38;5;3m[RouterExplorer] [39m[32mMapped {/api/checkout/paypal/capture, POST} route[39m[38;5;3m +0ms[39m
[32m[Nest] 39920  - [39m03/21/2026, 7:00:01 PM [32m    LOG[39m [38;5;3m[RoutesResolver] [39m[32mAdminController {/api/admin/products}:[39m[38;5;3m +0ms[39m
[32m[Nest] 39920  - [39m03/21/2026, 7:00:01 PM [32m    LOG[39m [38;5;3m[RouterExplorer] [39m[32mMapped {/api/admin/products, POST} route[39m[38;5;3m +1ms[39m
[32m[Nest] 39920  - [39m03/21/2026, 7:00:01 PM [32m    LOG[39m [38;5;3m[RouterExplorer] [39m[32mMapped {/api/admin/products/:id, PATCH} route[39m[38;5;3m +1ms[39m
[32m[Nest] 39920  - [39m03/21/2026, 7:00:01 PM [32m    LOG[39m [38;5;3m[RouterExplorer] [39m[32mMapped {/api/admin/products/:id, DELETE} route[39m[38;5;3m +0ms[39m
[32m[Nest] 39920  - [39m03/21/2026, 7:00:01 PM [32m    LOG[39m [38;5;3m[RouterExplorer] [39m[32mMapped {/api/admin/products/upload, POST} route[39m[38;5;3m +1ms[39m
[32m[Nest] 39920  - [39m03/21/2026, 7:00:01 PM [32m    LOG[39m [38;5;3m[NestApplication] [39m[32mNest application successfully started[39m[38;5;3m +50ms[39m
[2J[3J[H[[90m7:00:01 PM[0m] File change detected. Starting incremental compilation...

[[90m7:00:02 PM[0m] Found 0 errors. Watching for file changes.

[32m[Nest] 39244  - [39m03/21/2026, 7:00:04 PM [32m    LOG[39m [38;5;3m[NestFactory] [39m[32mStarting Nest application...[39m
[32m[Nest] 39244  - [39m03/21/2026, 7:00:04 PM [32m    LOG[39m [38;5;3m[InstanceLoader] [39m[32mPrismaModule dependencies initialized[39m[38;5;3m +36ms[39m
[32m[Nest] 39244  - [39m03/21/2026, 7:00:04 PM [32m    LOG[39m [38;5;3m[InstanceLoader] [39m[32mPassportModule dependencies initialized[39m[38;5;3m +1ms[39m
[32m[Nest] 39244  - [39m03/21/2026, 7:00:04 PM [32m    LOG[39m [38;5;3m[InstanceLoader] [39m[32mConfigHostModule dependencies initialized[39m[38;5;3m +4ms[39m
[32m[Nest] 39244  - [39m03/21/2026, 7:00:04 PM [32m    LOG[39m [38;5;3m[InstanceLoader] [39m[32mJwtModule dependencies initialized[39m[38;5;3m +1ms[39m
[32m[Nest] 39244  - [39m03/21/2026, 7:00:04 PM [32m    LOG[39m [38;5;3m[InstanceLoader] [39m[32mUsersModule dependencies initialized[39m[38;5;3m +1ms[39m
[32m[Nest] 39244  - [39m03/21/2026, 7:00:04 PM [32m    LOG[39m [38;5;3m[InstanceLoader] [39m[32mConfigModule dependencies initialized[39m[38;5;3m +0ms[39m
[32m[Nest] 39244  - [39m03/21/2026, 7:00:04 PM [32m    LOG[39m [38;5;3m[InstanceLoader] [39m[32mProductsModule dependencies initialized[39m[38;5;3m +1ms[39m
[32m[Nest] 39244  - [39m03/21/2026, 7:00:04 PM [32m    LOG[39m [38;5;3m[InstanceLoader] [39m[32mCartModule dependencies initialized[39m[38;5;3m +0ms[39m
[32m[Nest] 39244  - [39m03/21/2026, 7:00:04 PM [32m    LOG[39m [38;5;3m[InstanceLoader] [39m[32mCheckoutModule dependencies initialized[39m[38;5;3m +1ms[39m
[32m[Nest] 39244  - [39m03/21/2026, 7:00:04 PM [32m    LOG[39m [38;5;3m[InstanceLoader] [39m[32mAppModule dependencies initialized[39m[38;5;3m +0ms[39m
[32m[Nest] 39244  - [39m03/21/2026, 7:00:04 PM [32m    LOG[39m [38;5;3m[InstanceLoader] [39m[32mAuthModule dependencies initialized[39m[38;5;3m +0ms[39m
[32m[Nest] 39244  - [39m03/21/2026, 7:00:04 PM [32m    LOG[39m [38;5;3m[InstanceLoader] [39m[32mAdminModule dependencies initialized[39m[38;5;3m +1ms[39m
[32m[Nest] 39244  - [39m03/21/2026, 7:00:04 PM [32m    LOG[39m [38;5;3m[RoutesResolver] [39m[32mAppController {/api}:[39m[38;5;3m +7ms[39m
[32m[Nest] 39244  - [39m03/21/2026, 7:00:04 PM [32m    LOG[39m [38;5;3m[RouterExplorer] [39m[32mMapped {/api, GET} route[39m[38;5;3m +4ms[39m
[32m[Nest] 39244  - [39m03/21/2026, 7:00:04 PM [32m    LOG[39m [38;5;3m[RouterExplorer] [39m[32mMapped {/api/health, GET} route[39m[38;5;3m +2ms[39m
[32m[Nest] 39244  - [39m03/21/2026, 7:00:04 PM [32m    LOG[39m [38;5;3m[RoutesResolver] [39m[32mAuthController {/api/auth}:[39m[38;5;3m +1ms[39m
[32m[Nest] 39244  - [39m03/21/2026, 7:00:04 PM [32m    LOG[39m [38;5;3m[RouterExplorer] [39m[32mMapped {/api/auth/register, POST} route[39m[38;5;3m +1ms[39m
[32m[Nest] 39244  - [39m03/21/2026, 7:00:04 PM [32m    LOG[39m [38;5;3m[RouterExplorer] [39m[32mMapped {/api/auth/login, POST} route[39m[38;5;3m +0ms[39m
[32m[Nest] 39244  - [39m03/21/2026, 7:00:04 PM [32m    LOG[39m [38;5;3m[RouterExplorer] [39m[32mMapped {/api/auth/session/exchange, POST} route[39m[38;5;3m +1ms[39m
[32m[Nest] 39244  - [39m03/21/2026, 7:00:04 PM [32m    LOG[39m [38;5;3m[RouterExplorer] [39m[32mMapped {/api/auth/me, GET} route[39m[38;5;3m +0ms[39m
[32m[Nest] 39244  - [39m03/21/2026, 7:00:04 PM [32m    LOG[39m [38;5;3m[RoutesResolver] [39m[32mProductsController {/api/products}:[39m[38;5;3m +1ms[39m
[32m[Nest] 39244  - [39m03/21/2026, 7:00:04 PM [32m    LOG[39m [38;5;3m[RouterExplorer] [39m[32mMapped {/api/products, GET} route[39m[38;5;3m +0ms[39m
[32m[Nest] 39244  - [39m03/21/2026, 7:00:04 PM [32m    LOG[39m [38;5;3m[RouterExplorer] [39m[32mMapped {/api/products/featured, GET} route[39m[38;5;3m +0ms[39m
[32m[Nest] 39244  - [39m03/21/2026, 7:00:04 PM [32m    LOG[39m [38;5;3m[RouterExplorer] [39m[32mMapped {/api/products/:slug, GET} route[39m[38;5;3m +1ms[39m
[32m[Nest] 39244  - [39m03/21/2026, 7:00:04 PM [32m    LOG[39m [38;5;3m[RoutesResolver] [39m[32mCartController {/api/cart}:[39m[38;5;3m +0ms[39m
[32m[Nest] 39244  - [39m03/21/2026, 7:00:04 PM [32m    LOG[39m [38;5;3m[RouterExplorer] [39m[32mMapped {/api/cart, GET} route[39m[38;5;3m +1ms[39m
[32m[Nest] 39244  - [39m03/21/2026, 7:00:04 PM [32m    LOG[39m [38;5;3m[RouterExplorer] [39m[32mMapped {/api/cart/items, POST} route[39m[38;5;3m +1ms[39m
[32m[Nest] 39244  - [39m03/21/2026, 7:00:04 PM [32m    LOG[39m [38;5;3m[RouterExplorer] [39m[32mMapped {/api/cart/items/:itemId, PATCH} route[39m[38;5;3m +0ms[39m
[32m[Nest] 39244  - [39m03/21/2026, 7:00:04 PM [32m    LOG[39m [38;5;3m[RouterExplorer] [39m[32mMapped {/api/cart/items/:itemId, DELETE} route[39m[38;5;3m +1ms[39m
[32m[Nest] 39244  - [39m03/21/2026, 7:00:04 PM [32m    LOG[39m [38;5;3m[RouterExplorer] [39m[32mMapped {/api/cart, DELETE} route[39m[38;5;3m +1ms[39m
[32m[Nest] 39244  - [39m03/21/2026, 7:00:04 PM [32m    LOG[39m [38;5;3m[RoutesResolver] [39m[32mCheckoutController {/api/checkout}:[39m[38;5;3m +0ms[39m
[32m[Nest] 39244  - [39m03/21/2026, 7:00:04 PM [32m    LOG[39m [38;5;3m[RouterExplorer] [39m[32mMapped {/api/checkout/session, POST} route[39m[38;5;3m +1ms[39m
[32m[Nest] 39244  - [39m03/21/2026, 7:00:04 PM [32m    LOG[39m [38;5;3m[RouterExplorer] [39m[32mMapped {/api/checkout/stripe/payment-intent, POST} route[39m[38;5;3m +0ms[39m
[32m[Nest] 39244  - [39m03/21/2026, 7:00:04 PM [32m    LOG[39m [38;5;3m[RouterExplorer] [39m[32mMapped {/api/checkout/stripe/confirm, POST} route[39m[38;5;3m +0ms[39m
[32m[Nest] 39244  - [39m03/21/2026, 7:00:04 PM [32m    LOG[39m [38;5;3m[RouterExplorer] [39m[32mMapped {/api/checkout/paypal/order, POST} route[39m[38;5;3m +1ms[39m
[32m[Nest] 39244  - [39m03/21/2026, 7:00:04 PM [32m    LOG[39m [38;5;3m[RouterExplorer] [39m[32mMapped {/api/checkout/paypal/capture, POST} route[39m[38;5;3m +0ms[39m
[32m[Nest] 39244  - [39m03/21/2026, 7:00:04 PM [32m    LOG[39m [38;5;3m[RoutesResolver] [39m[32mAdminController {/api/admin/products}:[39m[38;5;3m +0ms[39m
[32m[Nest] 39244  - [39m03/21/2026, 7:00:04 PM [32m    LOG[39m [38;5;3m[RouterExplorer] [39m[32mMapped {/api/admin/products, POST} route[39m[38;5;3m +1ms[39m
[32m[Nest] 39244  - [39m03/21/2026, 7:00:04 PM [32m    LOG[39m [38;5;3m[RouterExplorer] [39m[32mMapped {/api/admin/products/:id, PATCH} route[39m[38;5;3m +0ms[39m
[32m[Nest] 39244  - [39m03/21/2026, 7:00:04 PM [32m    LOG[39m [38;5;3m[RouterExplorer] [39m[32mMapped {/api/admin/products/:id, DELETE} route[39m[38;5;3m +1ms[39m
[32m[Nest] 39244  - [39m03/21/2026, 7:00:04 PM [32m    LOG[39m [38;5;3m[RouterExplorer] [39m[32mMapped {/api/admin/products/upload, POST} route[39m[38;5;3m +0ms[39m
[32m[Nest] 39244  - [39m03/21/2026, 7:00:04 PM [32m    LOG[39m [38;5;3m[NestApplication] [39m[32mNest application successfully started[39m[38;5;3m +28ms[39m
